-- phpMyAdmin SQL Dump
-- version 4.9.1
-- https://www.phpmyadmin.net/
--
-- Host: 198.23.60.176:3306
-- Generation Time: Jul 26, 2023 at 12:54 PM
-- Server version: 8.0.30
-- PHP Version: 7.0.33-0+deb9u12

SET SQL_MODE = "NO_AUTO_VALUE_ON_ZERO";
SET AUTOCOMMIT = 0;
START TRANSACTION;
SET time_zone = "+00:00";


/*!40101 SET @OLD_CHARACTER_SET_CLIENT=@@CHARACTER_SET_CLIENT */;
/*!40101 SET @OLD_CHARACTER_SET_RESULTS=@@CHARACTER_SET_RESULTS */;
/*!40101 SET @OLD_COLLATION_CONNECTION=@@COLLATION_CONNECTION */;
/*!40101 SET NAMES utf8mb4 */;

--
-- Database: `kkg_hpos`
--

-- --------------------------------------------------------

--
-- Table structure for table `admin`
--

CREATE TABLE `admin` (
  `admin_id` int NOT NULL,
  `admin_name` varchar(255) NOT NULL,
  `admin_email` varchar(255) NOT NULL,
  `admin_cell` varchar(20) NOT NULL,
  `admin_password` varchar(255) NOT NULL,
  `admin_type` varchar(255) NOT NULL
) ENGINE=InnoDB DEFAULT CHARSET=latin1;

--
-- Dumping data for table `admin`
--

INSERT INTO `admin` (`admin_id`, `admin_name`, `admin_email`, `admin_cell`, `admin_password`, `admin_type`) VALUES
(1, 'Admin', 'admin@gmail.com', '123456', '1234', 'admin');

-- --------------------------------------------------------

--
-- Table structure for table `customers`
--

CREATE TABLE `customers` (
  `customer_id` int NOT NULL,
  `customer_name` varchar(255) NOT NULL,
  `customer_cell` varchar(255) NOT NULL,
  `customer_email` varchar(255) NOT NULL,
  `customer_address` varchar(255) NOT NULL,
  `shop_id` int NOT NULL,
  `owner_id` int NOT NULL,
  `timestamp` timestamp NOT NULL DEFAULT CURRENT_TIMESTAMP ON UPDATE CURRENT_TIMESTAMP
) ENGINE=MyISAM DEFAULT CHARSET=latin1;

-- --------------------------------------------------------

--
-- Table structure for table `expense`
--

CREATE TABLE `expense` (
  `expense_id` int NOT NULL,
  `expense_name` varchar(255) NOT NULL,
  `expense_note` varchar(255) NOT NULL,
  `expense_amount` varchar(255) NOT NULL,
  `expense_date` varchar(255) NOT NULL,
  `expense_time` varchar(255) NOT NULL,
  `shop_id` int NOT NULL,
  `owner_id` int NOT NULL,
  `timestamp` timestamp NOT NULL DEFAULT CURRENT_TIMESTAMP ON UPDATE CURRENT_TIMESTAMP
) ENGINE=MyISAM DEFAULT CHARSET=latin1;

-- --------------------------------------------------------

--
-- Table structure for table `order_details`
--

CREATE TABLE `order_details` (
  `order_details_id` int NOT NULL,
  `invoice_id` varchar(255) NOT NULL,
  `product_name` text CHARACTER SET utf8mb3 COLLATE utf8mb3_unicode_ci NOT NULL,
  `product_quantity` varchar(255) NOT NULL,
  `product_weight` varchar(255) NOT NULL,
  `product_price` varchar(255) NOT NULL,
  `product_order_date` varchar(255) NOT NULL,
  `product_id` varchar(255) NOT NULL,
  `product_image` varchar(255) NOT NULL,
  `shop_id` int NOT NULL,
  `owner_id` int NOT NULL,
  `tax` varchar(255) NOT NULL,
  `timestamp` timestamp NOT NULL DEFAULT CURRENT_TIMESTAMP ON UPDATE CURRENT_TIMESTAMP
) ENGINE=MyISAM DEFAULT CHARSET=latin1;

--
-- Dumping data for table `order_details`
--

INSERT INTO `order_details` (`order_details_id`, `invoice_id`, `product_name`, `product_quantity`, `product_weight`, `product_price`, `product_order_date`, `product_id`, `product_image`, `shop_id`, `owner_id`, `tax`) VALUES
(1, 'INV-720202371815PM', 'ငွေလိမ်', '5', '1', '9500', '2023-07-20', '18', '1689904831.jpg', 10, 9, '0'),
(2, 'INV-720202371947PM', 'ငွေလိမ်', '5', '1', '9500', '2023-07-20', '18', '1689904831.jpg', 10, 9, '0'),
(3, 'INV-720202372649PM', 'ငွေလိမ်', '5', '1', '9500', '2023-07-20', '18', '1689904831.jpg', 10, 9, '0'),
(4, 'INV-720202372931PM', 'RCအပြာ', '1', '1', '3500', '2023-07-20', '32', '1689904831.jpg', 10, 9, '0'),
(5, 'INV-720202372931PM', 'RCနက်', '1', '1', '3500', '2023-07-20', '31', '1689904831.jpg', 10, 9, '0'),
(6, 'INV-720202372931PM', 'RCဖဲစိမ်းအသေး', '1', '1', '3500', '2023-07-20', '30', '1689904831.jpg', 10, 9, '0'),
(7, 'INV-720202372931PM', 'RCနက်ဖဲလတ်', '1', '1', '5500', '2023-07-20', '29', '1689904831.jpg', 10, 9, '0'),
(8, 'INV-720202372931PM', 'RCယုန်ထောင်နက်ကလစ်ညှပ်', '1', '1', '4500', '2023-07-20', '28', '1689904831.jpg', 10, 9, '0'),
(9, 'INV-720202372931PM', 'RCကြီးဖြူ/ကော်ဖီ/နက်', '1', '1', '12500', '2023-07-20', '27', '1689904831.jpg', 10, 9, '0'),
(10, 'INV-720202372931PM', 'RCနက်ဇာအတို', '1', '1', '8500', '2023-07-20', '23', '1689904831.jpg', 10, 9, '0'),
(11, 'INV-720202372931PM', 'RC????', '1', '1', '3500', '2023-07-20', '33', '1689904831.jpg', 10, 9, '0'),
(12, 'INV-720202372931PM', 'RCကြီးဖြူ/နက်/ပန်း', '1', '1', '9500', '2023-07-20', '22', '1689904831.jpg', 10, 9, '0'),
(13, 'INV1820231689909252', 'RCကြီးတိုကော်ဖီ/နီ/နက်/ရွှေရော', '1', '1 g', '9500', '2023-07-21', '34', '1689904831.jpg', 10, 9, '0.0'),
(14, 'INV1820231689909252', 'ပုလဲပါ RC နက်', '1', '1 g', '9500', '2023-07-21', '38', '1689904831.jpg', 10, 9, '0.0'),
(15, 'INV-21072023113550', 'Ribbonကတ္တီပါအလယ်နှင်းဆီပါတို', '1', '1', '6500', '2023-07-21', '39', '1689904831.jpg', 10, 9, '0'),
(16, 'INV-724202394958AM', 'ငွေလိမ်', '1', '1', '9500', '2023-07-24', '18', '1689904831.jpg', 10, 9, '0'),
(17, 'INV-7252023100633AM', ' Test', '2', '1', '1000', '2023-07-25', '667', '1690255481.png', 10, 9, '0'),
(18, 'INV-7252023100745AM', ' Test', '1', '1', '1000', '2023-07-25', '667', '1690255481.png', 10, 9, '0'),
(19, 'INV-7252023103906AM', ' test', '1', '1', '1000', '2023-07-25', '669', '1690257248.png', 10, 9, '0'),
(20, 'INV-25072023105031', ' test', '1', '1', '1000', '2023-07-25', '669', '1690257248.png', 10, 9, '0'),
(21, 'INV-25072023105031', ' Test', '1', '1', '1000', '2023-07-25', '667', '1690255481.png', 10, 9, '0'),
(22, 'INV-25072023110358', ' ဖန်သီးငါးလုံးပါ ကလစ် testing', '1', '1', '1000', '2023-07-25', '674', '1690259611.png', 10, 9, '0'),
(23, 'INV1620231690274782', 'ပုလဲငါးလုံး ရွှေလုံးပါ နှစ်ကုံးထပ်', '1', '1 g', '23500', '2023-07-25', '129', '1690178281.png', 10, 9, '0.0'),
(24, 'INV1620231690274782', 'Catier သံမှို + ဖဲပုံ', '1', '1 g', '12500', '2023-07-25', '132', '1690178344.png', 10, 9, '0.0'),
(25, 'INV1620231690274921', 'Catier သံမှို + ဖဲပုံ', '1', '1 g', '12500', '2023-07-25', '132', '1690178344.png', 10, 9, '0.0'),
(26, 'INV1620231690275027', 'နေပုံရင်ထိုးပုံရွှေ', '1', '1 g', '12000', '2023-07-25', '92', '1690176774.png', 10, 9, '0.0'),
(27, 'INV-725202334419PM', 'ဖန်သီးငါးလုံးပါ ကလစ်', '1', '1', '6000', '2023-07-25', '666', '1690190530.png', 10, 9, '0'),
(28, 'INV-725202334419PM', 'ရောင်စုံ သုံးချောင်း', '1', '1', '6000', '2023-07-25', '665', '1690190467.png', 10, 9, '0'),
(29, 'INV-725202334419PM', 'Smile + ပန်းကလစ်', '1', '1', '4500', '2023-07-25', '664', '1690190454.png', 10, 9, '0'),
(30, 'INV-25072023171545', 'product testing', '1', '100', '1000', '2023-07-25', '681', '1690281553.png', 10, 9, '0'),
(31, 'INV-725202390259PM', 'ဖန်သီးငါးလုံးပါ ကလစ်', '1', '1', '6000', '2023-07-25', '666', '1690190530.png', 10, 9, '0'),
(32, 'INV-725202390259PM', 'ရောင်စုံ သုံးချောင်း', '1', '1', '6000', '2023-07-25', '665', '1690190467.png', 10, 9, '0'),
(33, 'INV-725202390259PM', 'Smile + ပန်းကလစ်', '1', '1', '4500', '2023-07-25', '664', '1690190454.png', 10, 9, '0'),
(34, 'INV-725202390259PM', 'ဆံထိုးငွေ', '1', '1', '3500', '2023-07-25', '658', '1690190116.png', 10, 9, '0'),
(35, 'INV-725202390259PM', 'စုံဖန်စီတံဆိပ်ပါ ', '1', '1', '3500', '2023-07-25', '659', '1690190163.png', 10, 9, '0'),
(36, 'INV-725202390259PM', 'ပုလဲကလစ်အသေး', '1', '1', '4500', '2023-07-25', '652', '1690189855.png', 10, 9, '0'),
(37, 'INV-725202390259PM', 'အမွှေးနုစုံ ကလစ် အသေး', '1', '1', '5000', '2023-07-25', '653', '1690189909.png', 10, 9, '0'),
(38, 'INV-725202390343PM', 'Handmade စုံ ကလစ်ရောင်စုံ', '1', '1', '4500', '2023-07-25', '657', '1690190073.png', 10, 9, '0'),
(39, 'INV-725202390343PM', 'ဆံထိုးငွေ', '1', '1', '3500', '2023-07-25', '658', '1690190116.png', 10, 9, '0'),
(40, 'INV-725202390343PM', 'ငှက်နှူတ်သီးကလစ်ရောင်စုံ *  2', '1', '1', '1500', '2023-07-25', '656', '1690190030.png', 10, 9, '0'),
(41, 'INV-725202390343PM', 'ပန်းပွင့်ပုံ အကြီး', '1', '1', '2500', '2023-07-25', '650', '1690189765.png', 10, 9, '0'),
(42, 'INV-725202390343PM', 'ဆယ်ချောင်းပါကဒ်', '1', '1', '1000', '2023-07-25', '651', '1690189810.png', 10, 9, '0'),
(43, 'INV-725202390343PM', 'ပုလဲကလစ်အသေး', '1', '1', '4500', '2023-07-25', '652', '1690189855.png', 10, 9, '0'),
(44, 'INV-725202390436PM', 'Handmade စုံ ကလစ်ရောင်စုံ', '1', '1', '4500', '2023-07-25', '657', '1690190073.png', 10, 9, '0'),
(45, 'INV-725202390436PM', 'ဆံထိုးငွေ', '1', '1', '3500', '2023-07-25', '658', '1690190116.png', 10, 9, '0'),
(46, 'INV-725202390436PM', 'Smile + ပန်းကလစ်', '1', '1', '4500', '2023-07-25', '664', '1690190454.png', 10, 9, '0'),
(47, 'INV-725202390436PM', 'ရောင်စုံ သုံးချောင်း', '1', '1', '6000', '2023-07-25', '665', '1690190467.png', 10, 9, '0'),
(48, 'INV-725202390436PM', 'CLINE ကလစ်', '1', '1', '4500', '2023-07-25', '663', '1690190388.png', 10, 9, '0'),
(49, 'INV-725202390436PM', 'ရွှေသေး', '1', '1', '3500', '2023-07-25', '662', '1690190319.png', 10, 9, '0'),
(50, 'INV-725202390436PM', 'ငှက်နှူတ်သီးကလစ်ရောင်စုံ *  2', '1', '1', '1500', '2023-07-25', '656', '1690190030.png', 10, 9, '0'),
(51, 'INV-725202390436PM', 'ပန်းပွင့်ပုံ အကြီး', '1', '1', '2500', '2023-07-25', '650', '1690189765.png', 10, 9, '0'),
(52, 'INV-725202390436PM', 'ဆယ်ချောင်းပါကဒ်', '1', '1', '1000', '2023-07-25', '651', '1690189810.png', 10, 9, '0'),
(53, 'INV-725202390457PM', 'ရောင်စုံ သုံးချောင်း', '1', '1', '6000', '2023-07-25', '665', '1690190467.png', 10, 9, '0'),
(54, 'INV-725202390457PM', 'Smile + ပန်းကလစ်', '1', '1', '4500', '2023-07-25', '664', '1690190454.png', 10, 9, '0'),
(55, 'INV-725202390457PM', 'CLINE ကလစ်', '1', '1', '4500', '2023-07-25', '663', '1690190388.png', 10, 9, '0'),
(56, 'INV-725202390457PM', 'ရွှေသေး', '2', '1', '3500', '2023-07-25', '662', '1690190319.png', 10, 9, '0');

-- --------------------------------------------------------

--
-- Table structure for table `order_list`
--

CREATE TABLE `order_list` (
  `order_id` int NOT NULL,
  `invoice_id` varchar(255) NOT NULL,
  `order_date` varchar(255) NOT NULL,
  `order_time` varchar(255) NOT NULL,
  `order_type` varchar(255) NOT NULL,
  `order_payment_method` varchar(255) NOT NULL,
  `order_price` varchar(255) NOT NULL,
  `discount` varchar(255) NOT NULL,
  `tax` varchar(255) NOT NULL,
  `customer_name` varchar(255) NOT NULL,
  `served_by` varchar(255) NOT NULL,
  `shop_id` int NOT NULL,
  `owner_id` int NOT NULL,
  `timestamp` timestamp NOT NULL DEFAULT CURRENT_TIMESTAMP ON UPDATE CURRENT_TIMESTAMP
) ENGINE=MyISAM DEFAULT CHARSET=latin1;

--
-- Dumping data for table `order_list`
--

INSERT INTO `order_list` (`order_id`, `invoice_id`, `order_date`, `order_time`, `order_type`, `order_payment_method`, `order_price`, `discount`, `tax`, `customer_name`, `served_by`, `shop_id`, `owner_id`) VALUES
(1, 'INV-720202371815PM', '2023-07-20', '7:18 PM', 'CASH', 'CASH', '80500', '0', '0', 'Walkin Customer', 'Test User', 10, 9),
(2, 'INV-720202371947PM', '2023-07-20', '7:19 PM', 'CASH', 'CASH', '47500', '0', '0', 'Walkin Customer', 'Test User', 10, 9),
(3, 'INV-720202372649PM', '2023-07-20', '7:26 PM', 'CASH', 'CASH', '47500', '0', '0', 'Walkin Customer', 'Test User', 10, 9),
(4, 'INV-720202372931PM', '2023-07-20', '7:29 PM', 'CASH', 'CASH', '1100000', '4500', '0', 'Walkin Customer', 'Test User', 10, 9),
(5, 'INV1820231689909252', '2023-07-21', '09:44 AM', 'PICK UP', 'CASH', '19000.0', '0.00', '0.0', 'Walk In Customer', 'Manager', 10, 9),
(6, 'INV-21072023113550', '2023-07-21', '11:35 AM', 'CASH', 'CASH', '6500', '0', '0', 'Walkin Customer', 'Test User', 10, 9),
(7, 'INV-724202394958AM', '2023-07-24', '9:49 AM', 'CASH', 'CASH', '0', '9500', '0', 'Walkin Customer', 'Test User', 10, 9),
(8, 'INV-7252023100633AM', '2023-07-25', '10:06 AM', 'CASH', 'CASH', '2000', '0', '0', 'Walkin Customer', 'Test User', 10, 9),
(9, 'INV-7252023100745AM', '2023-07-25', '10:07 AM', 'CASH', 'CASH', '1000', '0', '0', 'Walkin Customer', 'Test User', 10, 9),
(10, 'INV-7252023103906AM', '2023-07-25', '10:39 AM', 'CASH', 'CASH', '1000', '0', '0', 'Walkin Customer', 'Test User', 10, 9),
(11, 'INV-25072023105031', '2023-07-25', '10:50 AM', 'CASH', 'CASH', '2000', '0', '0', 'Walkin Customer', 'Test User', 10, 9),
(12, 'INV-25072023110358', '2023-07-25', '11:03 AM', 'CASH', 'CASH', '900', '100', '0', 'Walkin Customer', 'Test User', 10, 9),
(13, 'INV1620231690274782', '2023-07-25', '03:16 PM', 'PICK UP', 'CASH', '36000.0', '0.00', '0.0', 'Walk In Customer', 'User1', 10, 9),
(14, 'INV1620231690274921', '2023-07-25', '03:18 PM', 'PICK UP', 'CASH', '12500.0', '0.00', '0.0', 'Walk In Customer', 'User1', 10, 9),
(15, 'INV1620231690275027', '2023-07-25', '03:20 PM', 'PICK UP', 'CASH', '12000.0', '0.00', '0.0', 'Walk In Customer', 'User1', 10, 9),
(16, 'INV-725202334419PM', '2023-07-25', '3:44 PM', 'CASH', 'CASH', '16000', '500', '0', 'Walkin Customer', 'Test User', 10, 9),
(17, 'INV-25072023171545', '2023-07-25', '5:15 PM', 'CASH', 'CASH', '990', '10', '0', 'Walkin Customer', 'Test User', 10, 9),
(18, 'INV-725202390259PM', '2023-07-25', '9:02 PM', 'CASH', 'CASH', '33000', '0', '0', 'Walkin Customer', 'Test User', 10, 9),
(19, 'INV-725202390343PM', '2023-07-25', '9:03 PM', 'CASH', 'CASH', '17500', '0', '0', 'Walkin Customer', 'Test User', 10, 9),
(20, 'INV-725202390436PM', '2023-07-25', '9:04 PM', 'CASH', 'CASH', '31500', '0', '0', 'Walkin Customer', 'Test User', 10, 9),
(21, 'INV-725202390457PM', '2023-07-25', '9:04 PM', 'CASH', 'CASH', '22000', '0', '0', 'Walkin Customer', 'Test User', 10, 9);

-- --------------------------------------------------------

--
-- Table structure for table `owner`
--

CREATE TABLE `owner` (
  `owner_id` int NOT NULL,
  `owner_name` varchar(255) NOT NULL,
  `owner_email` varchar(255) NOT NULL,
  `owner_cell` varchar(255) NOT NULL,
  `owner_password` varchar(255) NOT NULL,
  `owner_address` text NOT NULL,
  `owner_status` int NOT NULL,
  `owner_type` varchar(255) NOT NULL DEFAULT 'admin'
) ENGINE=InnoDB DEFAULT CHARSET=latin1;

--
-- Dumping data for table `owner`
--

INSERT INTO `owner` (`owner_id`, `owner_name`, `owner_email`, `owner_cell`, `owner_password`, `owner_address`, `owner_status`, `owner_type`) VALUES
(9, 'hmmowner', 'owner@gmail.com', '09-457827561', '123456', 'Yangon', 1, 'owner');

-- --------------------------------------------------------

--
-- Table structure for table `products`
--

CREATE TABLE `products` (
  `product_id` int NOT NULL,
  `product_name` varchar(255) CHARACTER SET utf8mb4 COLLATE utf8mb4_unicode_ci NOT NULL,
  `product_code` text NOT NULL,
  `product_category_id` int NOT NULL,
  `product_description` text NOT NULL,
  `product_sell_price` float NOT NULL,
  `product_buy_price` float NOT NULL,
  `product_weight` varchar(255) NOT NULL,
  `product_weight_unit_id` int NOT NULL,
  `product_supplier_id` int NOT NULL,
  `product_image` text NOT NULL,
  `product_stock` int NOT NULL,
  `shop_id` int NOT NULL,
  `owner_id` int NOT NULL,
  `tax` float NOT NULL,
  `timestamp` timestamp NOT NULL DEFAULT CURRENT_TIMESTAMP ON UPDATE CURRENT_TIMESTAMP
) ENGINE=MyISAM DEFAULT CHARSET=latin1;

--
-- Dumping data for table `products`
--

INSERT INTO `products` (`product_id`, `product_name`, `product_code`, `product_category_id`, `product_description`, `product_sell_price`, `product_buy_price`, `product_weight`, `product_weight_unit_id`, `product_supplier_id`, `product_image`, `product_stock`, `shop_id`, `owner_id`, `tax`) VALUES
(2, ' ပုလဲလုံးစီရွှေ', 'RG-001', 36, '', 12500, 0, '', 1, 1, '1689904623.jpg', 1000, 10, 9, 0),
(3, ' ကျောက်စီရွှေ', 'RG - 002', 36, '', 15500, 0, '', 1, 1, '1689904663.jpg', 1000, 10, 9, 0),
(4, ' ရွှေနှစ်ကွင်းထပ်', 'RG-003', 36, '-', 9500, 0, '1', 1, 0, '1689904831.jpg', 1000, 10, 9, 0),
(5, 'ရွှေပြားဖြူ', 'RG-004', 36, '-', 550, 0, '1', 1, 0, '1689904831.jpg', 1000, 10, 9, 0),
(6, 'သံကွင်းဆက်ရွှေ', 'RG-005', 36, '-', 5500, 0, '1', 1, 0, '1689904831.jpg', 1000, 10, 9, 0),
(7, 'ပုလဲနှစ်လုံးငွေ', 'RG-006', 36, '-', 7500, 0, '1', 1, 0, '1689904831.jpg', 1000, 10, 9, 0),
(8, 'အသဲပုံငွေ', 'RG-007', 36, '-', 10500, 0, '1', 1, 0, '1689904831.jpg', 1000, 10, 9, 0),
(9, 'ငွေပြား (plain)', 'RG-008', 36, '-', 7500, 0, '1', 1, 0, '1689904831.jpg', 1000, 10, 9, 0),
(10, 'ငွေသေး', 'RG-009', 36, '-', 10500, 0, '1', 1, 0, '1689904831.jpg', 1000, 10, 9, 0),
(11, 'ရင်ခုန်သံငွေ', 'RG-010', 36, '-', 10500, 0, '1', 1, 0, '1689904831.jpg', 1000, 10, 9, 0),
(12, 'ငွေပြားသေး', 'RG-011', 36, '-', 7500, 0, '1', 1, 0, '1689904831.jpg', 1000, 10, 9, 0),
(13, 'ကျောက်မဲတစ်ခုပါ', 'RG-012', 36, '-', 10500, 0, '1', 1, 0, '1689904831.jpg', 1000, 10, 9, 0),
(14, 'ငွေ Plain', 'RG-013', 36, '-', 7500, 0, '1', 1, 0, '1689904831.jpg', 1000, 10, 9, 0),
(15, 'ငွေနှစ်ကွင်း', 'RG-014', 36, '-', 16500, 0, '1', 1, 0, '1689904831.jpg', 1000, 10, 9, 0),
(16, 'ရွှေအလုံးနှစ်ဖက်ပါ', 'RG-015', 36, '-', 9500, 0, '1', 1, 0, '1689904831.jpg', 1000, 10, 9, 0),
(17, 'ငွေအလုံးနှစ်ဖက်ပါ', 'RG-016', 36, '-', 9500, 0, '1', 1, 0, '1689904831.jpg', 1000, 10, 9, 0),
(18, 'ငွေလိမ်', 'RG-017', 36, '-', 9500, 0, '1', 1, 0, '1689904831.jpg', 984, 10, 9, 0),
(19, 'သုံးကွင်းပေါ်ကျောက်မဲငွေ', 'RG-018', 36, '-', 10500, 0, '1', 1, 0, '1689904831.jpg', 1000, 10, 9, 0),
(20, 'အလယ်အပြားပါငွေ', 'RG-019', 36, '-', 9500, 0, '1', 1, 0, '1689904831.jpg', 1000, 10, 9, 0),
(21, 'ငွေပြားXပုံပါ', 'RG-020', 36, '-', 9500, 0, '1', 1, 0, '1689904831.jpg', 1000, 10, 9, 0),
(22, 'RCကြီးဖြူ/နက်/ပန်း', 'RC-001', 37, '-', 9500, 0, '1', 1, 0, '1689904831.jpg', 999, 10, 9, 0),
(23, 'RCနက်ဇာအတို', 'RC-002', 37, '-', 8500, 0, '1', 1, 0, '1689904831.jpg', 999, 10, 9, 0),
(24, 'ကတ္တီပါ တစ်ဝက်ဗြောင်တစ်ဝက်ဖဲ', 'RC-003', 37, '-', 8500, 0, '1', 1, 0, '1689904831.jpg', 1000, 10, 9, 0),
(25, 'ပန်းရောင် RC အသေး', 'RC-004', 37, '-', 4500, 0, '1', 1, 0, '1689904831.jpg', 1000, 10, 9, 0),
(26, 'အဝိုင်းတံဆိပ်ပါ', 'RC-005', 37, '-', 5500, 0, '1', 1, 0, '1689904831.jpg', 1000, 10, 9, 0),
(27, 'RCကြီးဖြူ/ကော်ဖီ/နက်', 'RC-006', 37, '-', 12500, 0, '1', 1, 0, '1689904831.jpg', 999, 10, 9, 0),
(28, 'RCယုန်ထောင်နက်ကလစ်ညှပ်', 'RC-007', 37, '-', 4500, 0, '1', 1, 0, '1689904831.jpg', 999, 10, 9, 0),
(29, 'RCနက်ဖဲလတ်', 'RC-008', 37, '-', 5500, 0, '1', 1, 0, '1689904831.jpg', 999, 10, 9, 0),
(30, 'RCဖဲစိမ်းအသေး', 'RC-009', 37, '-', 3500, 0, '1', 1, 0, '1689904831.jpg', 999, 10, 9, 0),
(31, 'RCနက်', 'RC-010', 37, '-', 3500, 0, '1', 1, 0, '1689904831.jpg', 999, 10, 9, 0),
(32, 'RCအပြာ', 'RC-011', 37, '-', 3500, 0, '1', 1, 0, '1689904831.jpg', 999, 10, 9, 0),
(33, 'RCအဖြူ', 'RC-012', 37, '-', 3500, 0, '1', 1, 0, '1689904831.jpg', 999, 10, 9, 0),
(34, 'RCကြီးတိုကော်ဖီ/နီ/နက်/ရွှေရော', 'RC-013', 37, '-', 9500, 0, '1', 1, 0, '1689904831.jpg', 999, 10, 9, 0),
(35, 'Ribbonနက်ညှပ်ကလစ်', 'RC-014', 37, '-', 9500, 0, '1', 1, 0, '1689904831.jpg', 1000, 10, 9, 0),
(36, 'Ribbonနို့နှစ်အရောင်', 'RC-015', 37, '-', 9500, 0, '1', 1, 0, '1689904831.jpg', 1000, 10, 9, 0),
(37, 'ဇာတစ်ဝက် အသားတစ်ဝက် အနက်', 'RC-016', 37, '-', 12500, 0, '1', 1, 0, '1689904831.jpg', 1000, 10, 9, 0),
(38, 'ပုလဲပါ RC နက်', 'RC-017', 37, '-', 9500, 0, '1', 1, 0, '1689904831.jpg', 999, 10, 9, 0),
(39, 'Ribbonကတ္တီပါအလယ်နှင်းဆီပါတို', 'RC-018', 37, '-', 6500, 0, '1', 1, 0, '1689904831.jpg', 999, 10, 9, 0),
(40, 'Ribbonကတ္တီပါအလယ်နှင်းဆီပါရှည်', 'RC-019', 37, '-', 6500, 0, '1', 1, 0, '1689904831.jpg', 1000, 10, 9, 0),
(41, 'ဇာအသဲမဲပါ RC', 'RC-020', 37, '????????? RC', 9500, 0, '1', 1, 4, '1690174356.png', 1000, 10, 9, 0),
(42, 'ဖော့ပါ ဖဲပွင့်ကြီး', 'RC-021', 37, '?????? ???????????', 11500, 0, '1', 1, 4, '1690174484.png', 1000, 10, 9, 0),
(43, 'ရေလှိုင်းပုံ ငွေလက်စွပ်', 'RG - 021', 36, '???????????? ??????????', 10500, 0, '1', 1, 4, '1690174759.png', 1000, 10, 9, 0),
(44, 'ရွှေလိမ်ပေါ် ပုလဲ', 'RG - 022', 36, '???????????? ????', 13000, 0, '1', 1, 4, '1690174809.png', 1000, 10, 9, 0),
(45, 'ရောင်စုံကျောက်လေးခုပါငွေ', 'RG - 023', 36, '????????????????????????', 13000, 0, '1', 1, 4, '1690174836.png', 1000, 10, 9, 0),
(46, 'မြွေခေါင်းပုံရွှေ', 'RG - 024', 36, '?????????????????', 13000, 0, '1', 1, 4, '1690174892.png', 1000, 10, 9, 0),
(47, 'ငွေပြား Plain', 'RG - 025', 36, '??????? Plain', 9500, 0, '1', 1, 4, '1690174943.png', 1000, 10, 9, 0),
(48, 'ငွေငါးရိုးပုံ', 'RG - 026', 36, '?????????????', 9500, 0, '1', 1, 4, '1690174970.png', 1000, 10, 9, 0),
(49, 'သစ်ခက်ရွှေကြာဖူးပါ', 'RG - 027', 36, '??????????????????', 15500, 0, '1', 1, 4, '1690175006.png', 1000, 10, 9, 0),
(50, 'ပုလဲနှစ်လုံး‌ ရွှေဗြောင်', 'RG - 028', 36, '????????????? ??????????', 8000, 0, '1', 1, 4, '1690175032.png', 1000, 10, 9, 0),
(51, 'တစ်ဖက်လိမ်သေး တစ်ဖက်ဗြောင်', 'RG - 029', 36, '????????????? ????????????', 8000, 0, '1', 1, 4, '1690175061.png', 1000, 10, 9, 0),
(52, 'တစ်ဖက်ကျောက် တစ်ဖက်သံကြိုး', 'RG - 030', 36, '???????????? ?????????????', 12000, 0, '1', 1, 4, '1690175119.png', 1000, 10, 9, 0),
(53, 'ပုလဲလုံးစီရွှေ', 'RG - 031', 36, '??????????????', 12500, 0, '1', 1, 4, '1690175164.png', 1000, 10, 9, 0),
(54, 'အလယ်ပုံပါရွှေ', 'RG - 032', 36, '?????????????', 12500, 0, '1', 1, 4, '1690175198.png', 1000, 10, 9, 0),
(55, 'ရွှေလိမ်ကွင်း', 'RG - 033', 36, '?????????????', 12500, 0, '1', 1, 4, '1690175226.png', 1000, 10, 9, 0),
(56, 'သံကွင်းဆက်အသေး xပုံ အမဲပါ', 'RG - 034', 36, '?????????????? x??? ?????', 12500, 0, '1', 1, 4, '1690175276.png', 1000, 10, 9, 0),
(57, 'သံကွင်းဆက် xနှစ်ခုပါ', 'RG - 035', 36, '?????????? x????????', 12500, 0, '1', 1, 4, '1690175324.png', 1000, 10, 9, 0),
(58, 'သံကွင်းဆက်ကိုးခုပါ', 'RG - 036', 36, '??????????????????', 12500, 0, '1', 1, 4, '1690175629.png', 1000, 10, 9, 0),
(59, 'သံကွင်းဆက်အသေး ကျောက်ပါ', 'RG - 037', 36, '?????????????? ????????', 12500, 0, '1', 1, 4, '1690175658.png', 1000, 10, 9, 0),
(60, 'ငွေပြားကြီး တစ်ဖက်အသေး', 'RG - 038', 36, '??????????? ??????????', 15000, 0, '1', 1, 4, '1690175689.png', 1000, 10, 9, 0),
(61, 'ရွှေအလုံးသေး ခွက်ပါ', 'RG - 039', 36, '???????????? ??????', 15000, 0, '1', 1, 4, '1690175717.png', 1000, 10, 9, 0),
(62, 'ငွေအလုံးနှစ်ဖက်ပါ', 'RG - 040', 36, '?????????????????', 15000, 0, '1', 1, 4, '1690175748.png', 1000, 10, 9, 0),
(63, 'ငွေပြားကြီး ကျောက်ပါ', 'RG - 041', 36, '??????????? ????????', 15000, 0, '1', 1, 4, '1690175780.png', 1000, 10, 9, 0),
(64, 'ငွေပြားအသေး ကျောက်ပါ', 'RG - 042', 36, '??????????? ????????', 15000, 0, '1', 1, 4, '1690175807.png', 1000, 10, 9, 0),
(65, 'ရွှေပြားကြီး ကျောက်ပါ', 'RG - 043', 36, '???????????? ????????', 15000, 0, '1', 1, 4, '1690175837.png', 1000, 10, 9, 0),
(66, 'ရွှေပြားအသေး ကျောက်ပါ', 'RG - 044', 36, '???????????? ????????', 15000, 0, '1', 1, 4, '1690175860.png', 1000, 10, 9, 0),
(67, 'ကျောက်စီရွှေ', 'RG - 045', 36, '????????????', 15000, 0, '1', 1, 4, '1690175904.png', 1000, 10, 9, 0),
(68, 'ရွှေအဝါပြားကြီး', 'RG - 046', 36, '???????????????', 15000, 0, '1', 1, 4, '1690176027.png', 1000, 10, 9, 0),
(69, 'လက်ဝါးကပ်တိုင် နှစ်ခုပါငွေ', 'RG - 047', 36, '?????????????? ???????????', 16500, 0, '1', 1, 4, '1690176052.png', 1000, 10, 9, 0),
(70, 'ငွေကျောက်နှစ်ပွင့်ကြား Xပုံပါ', 'RG - 048', 36, '?????????????????????? X?????', 16500, 0, '1', 1, 4, '1690176075.png', 1000, 10, 9, 0),
(71, 'ငွေပြားကြီး ကွင်းပါ', 'RG - 049', 36, '??????????? ???????', 16500, 0, '1', 1, 4, '1690176100.png', 1000, 10, 9, 0),
(72, 'ပုလဲတစ်လုံး တစ်ဖက်အလုံး', 'RG - 050', 36, '??????????? ???????????', 16500, 0, '1', 1, 4, '1690176133.png', 1000, 10, 9, 0),
(73, 'ရွှေနှစ်ကွင်းဆက် အတွန့်', 'RG - 051', 36, '???????????????? ??????', 16500, 0, '1', 1, 4, '1690176152.png', 1000, 10, 9, 0),
(74, 'လေးကွင်းဆက် ငွေလိမ်', 'RG - 052', 36, '??????????? ???????', 16500, 0, '1', 1, 4, '1690176176.png', 1000, 10, 9, 0),
(75, 'ကျောက်ပါရွှေ', 'RG - 053', 36, '????????????', 16500, 0, '1', 1, 4, '1690176208.png', 1000, 10, 9, 0),
(76, 'ငွေကျောက်ပါ ဘလင်းဘလင်း', 'RG - 054', 36, '??????????? ??????????', 16500, 0, '1', 1, 4, '1690176230.png', 1000, 10, 9, 0),
(77, 'ရွှေနှစ်ကွင်း ‌တစ်ခုကြီး တစ်ခုသေး ဗြောင်', 'RG - 055', 36, '????????????? ?????????? ???????? ??????', 16500, 0, '1', 1, 4, '1690176250.png', 1000, 10, 9, 0),
(78, 'သံကွင်းဆက် Xအဖြူပါပုံ', 'RG - 056', 36, '?????????? X?????????', 18000, 0, '1', 1, 4, '1690176269.png', 1000, 10, 9, 0),
(79, 'ငွေကျောက်ပါ', 'RG - 057', 36, '???????????', 18000, 0, '1', 1, 4, '1690176296.png', 1000, 10, 9, 0),
(80, 'ရွှေ + ငွေနှစ်ကွင်းလိမ်', 'RG - 058', 36, '???? + ????????????????', 18000, 0, '1', 1, 4, '1690176318.png', 1000, 10, 9, 0),
(81, 'ရွှေ ငွေပြားဖြူလေးထောင့်', 'RG - 059', 36, '???? ???????????????????', 18000, 0, '1', 1, 4, '1690176343.png', 1000, 10, 9, 0),
(82, 'သံကွင်းဆက် ငါးခုပါ', 'RG - 060', 36, '?????????? ???????', 18000, 0, '1', 1, 4, '1690176363.png', 1000, 10, 9, 0),
(83, 'ပုလဲတစ်လုံး တစ်ဖက်ကြယ်ပုံပါ', 'RG - 061', 36, '??????????? ???????????????', 22000, 0, '1', 1, 4, '1690176383.png', 1000, 10, 9, 0),
(84, 'ငွေကျောက်ပါလိမ်', 'RG - 062', 36, '???????????????', 22000, 0, '1', 1, 4, '1690176411.png', 1000, 10, 9, 0),
(85, 'တစ်ဖက်ကျောက် တစ်ဖက်ဗြောင်', 'RG - 063', 36, '???????????? ????????????', 23500, 0, '1', 1, 4, '1690176505.png', 1000, 10, 9, 0),
(86, 'ပုလဲနှစ်လုံး ရင်ထိုး', 'PN - 001', 43, '???????????? ???????', 3500, 0, '1', 1, 4, '1690176632.png', 1000, 10, 9, 0),
(87, 'ပန်းပွင့်နှစ်ထပ်', 'PN - 002', 43, '????????????????', 12000, 0, '1', 1, 4, '1690176651.png', 1000, 10, 9, 0),
(88, 'သစ်ခက်ပုံရွှေ', 'PN - 003', 43, '?????????????', 12000, 0, '1', 1, 4, '1690176679.png', 1000, 10, 9, 0),
(89, 'ကျောက်စိမ်းနှစ်ခုပါ', 'PN - 004', 43, '???????????????????', 12000, 0, '1', 1, 4, '1690176713.png', 1000, 10, 9, 0),
(90, 'ရွှေရင်ထိုးပုလဲပါ', 'PN - 005', 43, '?????????????????', 12000, 0, '1', 1, 4, '1690176733.png', 1000, 10, 9, 0),
(91, 'ဖဲပွင့်', 'PN - 006', 43, '???????', 12000, 0, '1', 1, 4, '1690176754.png', 1000, 10, 9, 0),
(92, 'နေပုံရင်ထိုးပုံရွှေ', 'PN - 007', 43, '???????????????????', 12000, 0, '1', 1, 4, '1690176774.png', 999, 10, 9, 0),
(93, 'ကြယ်ပုံကျောက်ရွှေ', 'PN - 008', 43, '?????????????????', 12000, 0, '1', 1, 4, '1690176791.png', 1000, 10, 9, 0),
(94, 'Vပုံ', 'BCS - 001', 44, 'V???', 15500, 0, '1', 1, 4, '1690176871.png', 1000, 10, 9, 0),
(95, 'Uပုံ', 'BCS - 002', 44, 'U???', 15500, 0, '1', 1, 4, '1690176891.png', 1000, 10, 9, 0),
(96, 'ဖဲပွင့်ဖြူ', 'BCS - 003', 44, '??????????', 15500, 0, '1', 1, 4, '1690176917.png', 1000, 10, 9, 0),
(97, 'လက်ဝါးကပ်တိုင်ပုံ', 'BCS - 004', 44, '?????????????????', 16500, 0, '1', 1, 4, '1690176975.png', 1000, 10, 9, 0),
(98, 'အသံပုံရွှေ', 'BCS - 005', 44, '??????????', 15500, 0, '1', 1, 4, '1690177004.png', 1000, 10, 9, 0),
(99, 'ကျောက်တစ်ပွင့်', 'BCS - 006', 44, '??????????????', 15500, 0, '1', 1, 4, '1690177025.png', 1000, 10, 9, 0),
(100, 'Hပါ', 'BCS - 007', 44, 'H??', 15500, 0, '1', 1, 4, '1690177049.png', 1000, 10, 9, 0),
(101, 'ချိတ်ပုံ', 'BCS - 008', 44, '????????', 15500, 0, '1', 1, 4, '1690177067.png', 1000, 10, 9, 0),
(102, 'Oသုံးခုပါ', 'BCS - 009', 44, 'O????????', 17500, 0, '1', 1, 4, '1690177097.png', 10000, 10, 9, 0),
(103, 'အသဲပုံသုံးခုပါ', 'BCS - 010', 44, '??????????????', 16500, 0, '1', 1, 4, '1690177116.png', 1000, 10, 9, 0),
(104, 'You 8I လက်ပတ်', 'BCS - 011', 44, 'You 8I ??????', 15500, 0, '1', 1, 4, '1690177134.png', 1000, 10, 9, 0),
(105, 'လေးထောင့်ပုံအစိမ်းရောင်', 'BCS - 012', 44, '???????????????????????', 15500, 0, '1', 1, 4, '1690177238.png', 1000, 10, 9, 0),
(106, 'အဝိုင်းပုံအစိမ်းရောင်', 'BCS - 013', 44, '?????????????????????', 15500, 0, '1', 1, 4, '1690177262.png', 1000, 10, 9, 0),
(107, 'ရွှေလုံးအသေး', 'BCS - 014', 44, '????????????', 18500, 0, '1', 1, 4, '1690177280.png', 1000, 10, 9, 0),
(108, 'ရွှေချိန်းပုံ', 'BCS - 015', 44, '?????????????', 15500, 0, '1', 1, 4, '1690177302.png', 1000, 10, 9, 0),
(109, 'အဝိုင်းထဲတွင်ကျောက်ပါ', 'BCS - 016', 44, '?????????????????????', 15500, 0, '1', 1, 4, '1690177326.png', 1000, 10, 9, 0),
(110, 'ကြယ်ပုံ', 'BCS - 017', 44, '???????', 15500, 0, '1', 1, 4, '1690177346.png', 1000, 10, 9, 0),
(111, 'ရွှေသုံးကွင်း Hပါ', 'BCS - 018', 44, '????????????? H??', 25000, 0, '1', 1, 4, '1690177366.png', 1000, 10, 9, 0),
(112, 'ရွှေကျစ်လက်ပတ်', 'BCS - 019', 44, '??????????????', 14500, 0, '1', 1, 4, '1690177399.png', 1000, 10, 9, 0),
(113, 'ရွှေနှစ်ကွင်း အလယ်လိမ်', 'BCS - 020', 44, '????????????? ????????', 22500, 0, '1', 1, 4, '1690177430.png', 1000, 10, 9, 0),
(114, 'ငွေနှစ်ကွင်း အလယ်လိမ်', 'BCS - 021', 44, '???????????? ????????', 22500, 0, '1', 1, 4, '1690177454.png', 1000, 10, 9, 0),
(115, 'တစ်ဖက်ကျောက် တစ်ဖက်ဗြောင် အဖြူ', 'BCS - 022', 44, '???????????? ???????????? ????', 18000, 0, '1', 1, 4, '1690177481.png', 1000, 10, 9, 0),
(116, 'ရွှေကျောက်ပါ လက်ပတ်', 'BCS - 023', 44, '???????????? ??????', 22500, 0, '1', 1, 4, '1690177503.png', 1000, 10, 9, 0),
(117, 'ငွေကျောက်အလယ် Hပါ', 'BCS - 024', 44, '????????????? H??', 27000, 0, '1', 1, 4, '1690177522.png', 1000, 10, 9, 0),
(118, 'မြွေပုံ မျက်လုံးကျောက်စိမ်း', 'BCS - 025', 44, '??????? ???????????????????', 37500, 0, '1', 1, 4, '1690177542.png', 1000, 10, 9, 0),
(119, 'Smile ပုံပါ ပုလဲ', 'BCP - 001', 44, 'Smile ????? ????', 15500, 0, '1', 1, 4, '1690178022.png', 1000, 10, 9, 0),
(120, 'အသဲပုံပါ ပုလဲ', 'BCP - 002', 44, '???????? ????', 15500, 0, '1', 1, 4, '1690178042.png', 1000, 10, 9, 0),
(121, '0 ရွှေပါ ပုလဲ', 'BCP - 003', 44, '0 ?????? ????', 26500, 0, '1', 1, 4, '1690178063.png', 1000, 10, 9, 0),
(122, 'ပုလဲလတ်', 'BCP - 004', 44, '???????', 12500, 0, '1', 1, 4, '1690178084.png', 1000, 10, 9, 0),
(123, 'ပုလဲစု ရွှေတန်းလန်း လက်ပတ်', 'BCP - 005', 44, '?????? ???????????? ??????', 32000, 0, '1', 1, 4, '1690178110.png', 1000, 10, 9, 0),
(124, 'ပန်းရောင် ပုလဲရွှေဝါ အစုလက်ပတ်', 'BCP - 006', 44, '????????? ?????????? ?????????', 32000, 0, '1', 1, 4, '1690178132.png', 1000, 10, 9, 0),
(125, 'ပုလဲကမာပုံ အဖြူပါ လက်ပတ်', 'BCP - 007', 44, '?????????? ?????? ??????', 33500, 0, '1', 1, 4, '1690178149.png', 1000, 10, 9, 0),
(126, 'ပုလဲအလယ် ကျောက်စိမ်းလေးထောင့်ပါ လက်ပတ်', 'BCP - 008', 44, '???????? ?????????????????????? ??????', 24000, 0, '1', 1, 4, '1690178173.png', 1000, 10, 9, 0),
(127, 'ပုလဲအကြား ရွှေပါ လိပ်ပြာတန်းလန်းအဝိုင်း', 'BCP - 009', 44, '????????? ?????? ??????????????????????', 24000, 0, '1', 1, 4, '1690178210.png', 1000, 10, 9, 0),
(128, 'ပုလဲအသေး လက်ပတ်', 'BCP - 010', 44, '???????? ??????', 21000, 0, '1', 1, 4, '1690178263.png', 1000, 10, 9, 0),
(129, 'ပုလဲငါးလုံး ရွှေလုံးပါ နှစ်ကုံးထပ်', 'BCP - 011', 44, '??????????? ?????????? ???????????', 23500, 0, '1', 1, 4, '1690178281.png', 999, 10, 9, 0),
(130, 'ပုလဲရွှေနှစ်ကုံးထပ် ရွှေကမ္ဘာလုံးပါ', 'BCP - 012', 44, '??????????????????? ???????????????', 33000, 0, '1', 1, 4, '1690178297.png', 1000, 10, 9, 0),
(131, 'ပုလဲရွှေကွင်း ရွှေချောင်းပါ', 'BCP - 013', 44, '????????????? ?????????????', 23000, 0, '1', 1, 4, '1690178317.png', 1000, 10, 9, 0),
(132, 'Catier သံမှို + ဖဲပုံ', 'BCST - 001', 44, 'Catier ?????? + ?????', 12500, 0, '1', 1, 4, '1690178344.png', 9998, 10, 9, 0),
(133, 'ရောင်စုံ', 'HB-001', 40, '????????', 9500, 0, '1', 1, 4, '1690178608.png', 1000, 10, 9, 0),
(134, 'ယုန်ထောင်', 'HB-002', 40, '?????????', 9500, 0, '1', 1, 4, '1690178629.png', 1000, 10, 9, 0),
(135, 'ဘာဘီကွတ်', 'HB-003', 40, '????????', 9500, 0, '1', 1, 4, '1690178725.png', 1000, 10, 9, 0),
(136, 'PPADAနက်', 'HB-004', 40, 'PPADA???', 9500, 0, '1', 1, 4, '1690178747.png', 1000, 10, 9, 0),
(137, 'လိုင်းစင်းကြီးရောင်စုံ', 'HB-005', 40, '??????????????????????', 6500, 0, '1', 1, 4, '1690179618.png', 1000, 10, 9, 0),
(138, 'လိုင်းစင်‌သေးရောင်စုံ', 'HB-006', 40, '?????????????????????', 5500, 0, '1', 1, 4, '1690179676.png', 1000, 10, 9, 0),
(139, 'အရောင်ပြေးရောင်စုံ', 'HB-007', 40, '??????????????????', 6500, 0, '1', 1, 4, '1690179715.png', 1000, 10, 9, 0),
(140, 'စကုပ်သေးရောင်စုံ', 'HB-008', 40, '????????????????', 4800, 0, '1', 1, 4, '1690179770.png', 1000, 10, 9, 0),
(141, 'ဗြောင်စကုပ်', 'HB-009', 40, '???????????', 6500, 0, '1', 1, 4, '1690179792.png', 1000, 10, 9, 0),
(142, 'အဖြူတွန့် + အနက်တွန့်', 'HB-010', 40, '????????? + ?????????', 9500, 0, '1', 1, 4, '1690179810.png', 1000, 10, 9, 0),
(143, 'ပုလဲခဲရောင်', 'HB-011', 40, '???????????', 12500, 0, '1', 1, 4, '1690179831.png', 1000, 10, 9, 0),
(144, 'CELIN', 'HB-012', 40, 'CELIN', 9500, 0, '1', 1, 4, '1690179864.png', 1000, 10, 9, 0),
(145, 'RC ဖဲစိမ်းနု / ပန်းရောင်', 'HB-013', 40, 'RC ????????? / ?????????', 9500, 0, '1', 1, 4, '1690179883.png', 1000, 10, 9, 0),
(146, 'လိုင်းစင်းလတ်', 'HB-014', 40, '?????????????', 6500, 0, '1', 1, 4, '1690180819.png', 1000, 10, 9, 0),
(147, 'တံဆိပ်ပါ စကုပ်နက်', 'HB-015', 40, '???????? ????????', 6500, 0, '1', 1, 4, '1690180847.png', 1000, 10, 9, 0),
(148, 'ပုလဲဖြူစကုပ်', 'HB-016', 40, '????????????', 12500, 0, '1', 1, 4, '1690180871.png', 1000, 10, 9, 0),
(149, 'ပန်းတစ်ပွင့် 925', 'NIS-001', 41, '???????????? 925', 21500, 0, '1', 1, 4, '1690181050.png', 1000, 10, 9, 0),
(150, 'အဝိုင်းပုံ Good Luck ', 'NIS-002', 41, '?????????? Good Luck ', 19000, 0, '1', 1, 4, '1690181105.png', 1000, 10, 9, 0),
(151, 'လေးထောင့်ပုံ Good Luck ', 'NIS-003', 41, '???????????? Good Luck ', 19000, 0, '1', 1, 4, '1690181148.png', 1000, 10, 9, 0),
(152, 'အသဲပုံအစိမ်းရောင်', 'NIS-004', 41, '?????????????????', 19000, 0, '1', 1, 4, '1690181232.png', 1000, 10, 9, 0),
(153, 'အသဲပုံရွှေရောင်', 'NIS-005', 41, '???????????????', 19000, 0, '1', 1, 4, '1690181262.png', 1000, 10, 9, 0),
(154, 'ရွှေလုံး', 'NIS-006', 41, '????????', 19000, 0, '1', 1, 4, '1690181279.png', 1000, 10, 9, 0),
(155, 'ဖဲရွှေကျောက်ဖြူပါ', 'NIS-007', 41, '?????????????????', 19000, 0, '1', 1, 4, '1690181297.png', 1000, 10, 9, 0),
(156, 'အလိမ် SC ရောင်စုံ', 'SC - 001', 38, '????? SC ????????', 4500, 0, '1', 1, 4, '1690181302.png', 1000, 10, 9, 0),
(157, 'ဖဲရွှေကျောက်နီပါ', 'NIS-008', 41, '????????????????', 19000, 0, '1', 1, 4, '1690181324.png', 1000, 10, 9, 0),
(158, 'မိုးကြိုးပုံ', 'NIS-009', 41, '????????????', 19000, 0, '1', 1, 4, '1690181339.png', 1000, 10, 9, 0),
(159, 'ငါးမြီးပုံ', 'NIS-010', 41, '??????????', 21500, 0, '1', 1, 4, '1690181357.png', 1000, 10, 9, 0),
(160, 'Uပုံ', 'NIS-011', 41, 'U???', 19000, 0, '1', 1, 4, '1690181379.png', 1000, 10, 9, 0),
(161, 'SC ကြီးရောင်စုံ', 'SC - 002', 38, 'SC ????????????', 5500, 0, '1', 1, 4, '1690181385.png', 1000, 10, 9, 0),
(162, 'စိန်အများ', 'NIS-012', 41, '?????????', 21500, 0, '1', 1, 4, '1690181398.png', 1000, 10, 9, 0),
(163, 'အဝိုင်းစိန်ပါ', 'NIS-013', 41, '?????????????', 19000, 0, '1', 1, 4, '1690181426.png', 1000, 10, 9, 0),
(164, 'သော့ပုံ', 'NIS-014', 41, '???????', 28000, 0, '1', 1, 4, '1690181447.png', 1000, 10, 9, 0),
(165, 'ဇာကြိုးနက် + ရွှေရော', 'SC - 003', 38, '?????????? + ???????', 6500, 0, '1', 1, 4, '1690181468.png', 1000, 10, 9, 0),
(166, 'ပုလဲဇာပါ SC', 'SC - 004', 38, '???????? SC', 5500, 0, '1', 1, 4, '1690181559.png', 1000, 10, 9, 0),
(167, 'Wheelပုံ ရွှေရောင်', 'NIS-015', 41, 'Wheel??? ?????????', 23000, 0, '1', 1, 4, '1690181586.png', 1000, 10, 9, 0),
(168, 'ကိုလံမြစိမ်း', 'NIS-016', 41, '????????????', 19000, 0, '1', 1, 4, '1690181608.png', 1000, 10, 9, 0),
(169, 'ပုလဲပါ ဇာ အပြာ SC', 'SC - 005', 38, '?????? ?? ???? SC', 7000, 0, '1', 1, 4, '1690181630.png', 1000, 10, 9, 0),
(170, 'ပန်းပွင့်ကျောက်နီတစ်ပွင့်', 'NIS-017', 41, '?????????????????????????', 23000, 0, '1', 1, 4, '1690181639.png', 1000, 10, 9, 0),
(171, 'ပုလဲရွှေ', 'NIS-018', 41, '????????', 21500, 0, '1', 1, 4, '1690181658.png', 1000, 10, 9, 0),
(172, 'အဝိုင်းအထဲ ကျောက်ပါရွှေ', 'NIS-019', 41, '?????????? ????????????', 21500, 0, '1', 1, 4, '1690181682.png', 1000, 10, 9, 0),
(173, 'ကိုလံဘီယာ လေးထောင့်ဖြူရွှေ', 'NIS-020', 41, '????????? ????????????????', 21500, 0, '1', 1, 4, '1690181699.png', 1000, 10, 9, 0),
(174, 'သစ်ခက်စိမ်းပါ နက်/စိမ်း', 'SC - 006', 38, '????????????? ???/?????', 5500, 0, '1', 1, 4, '1690181707.png', 1000, 10, 9, 0),
(175, 'Forever ရွှေ', 'NIS-021', 41, 'Forever ????', 21500, 0, '1', 1, 4, '1690181734.png', 1000, 10, 9, 0),
(176, 'အသည်းပုံ ရွှေဗြောင်', 'ERS-001', 42, '???????? ??????????', 12500, 0, '1', 1, 4, '1690181757.png', 1000, 10, 9, 0),
(177, 'လေးထောင့်တစ်ဖက်ကျောက်ပါ', 'ERS-002', 42, '???????????????????????', 13500, 0, '1', 1, 4, '1690181825.png', 1000, 10, 9, 0),
(178, 'ဖဲပွင့်ဖြူရွှေ', 'ERS-003', 42, '??????????????', 13500, 0, '1', 1, 4, '1690181868.png', 1000, 10, 9, 0),
(179, 'အသဲပုံစိန်အပြည့်အသေး', 'NIS-022', 41, '????????????????????', 21500, 0, '1', 1, 4, '1690181892.png', 1000, 10, 9, 0),
(180, 'ပဲရစ်ပုံရွှေ', 'NIS-023', 41, '????????????', 23000, 0, '1', 1, 4, '1690181911.png', 1000, 10, 9, 0),
(181, 'သစ်ကိုင်းပုံရွှေကြယ်', 'NIS-024', 41, '????????????????????', 23000, 0, '1', 1, 4, '1690181930.png', 1000, 10, 9, 0),
(182, '၂၅၀၀ တန် + MCC အရော', 'SC - 007', 38, '???? ??? + MCC ????', 2500, 0, '1', 1, 4, '1690181931.png', 1000, 10, 9, 0),
(183, 'ကြယ်ငါးပွင့်ရွှေ', 'NIS-025', 41, '????????????????', 23000, 0, '1', 1, 4, '1690181953.png', 1000, 10, 9, 0),
(184, 'ကိုလံဘီယာမြ လေးထောင့်စိမ်း', 'ERS-004', 42, '??????????? ??????????????', 12500, 0, '1', 1, 4, '1690181955.png', 1000, 10, 9, 0),
(185, 'ပုလဲပါကမာ', 'NIS-026', 41, '?????????', 23000, 0, '1', 1, 4, '1690181974.png', 1000, 10, 9, 0),
(186, 'မိုးကြိုးပုံ ကျောက်ပါရွှေ', 'ERS-005', 42, '???????????? ????????????', 13500, 0, '1', 1, 4, '1690181995.png', 1000, 10, 9, 0),
(187, 'အသဲသုံးခုရွှေ', 'NIS-027', 41, '?????????????', 23000, 0, '1', 1, 4, '1690182000.png', 1000, 10, 9, 0),
(188, 'အသဲပုံအနီရောင်ရွှေ', 'NIS-028', 41, '??????????????????', 23000, 0, '1', 1, 4, '1690182021.png', 1000, 10, 9, 0),
(189, 'အဝိုင်းရွှေပြား + လေးထောင့်ရွှေ', 'SC - 008', 38, '??????????????? + ?????????????', 5500, 0, '1', 1, 4, '1690182033.png', 1000, 10, 9, 0),
(190, 'ကျောက်သုံးပွင့်ရွှေ', 'NIS-029', 41, '???????????????????', 23000, 0, '1', 1, 4, '1690182040.png', 1000, 10, 9, 0),
(191, 'အဝိုင်းအထဲ ပန်းပွင့်ပုံပါ', 'NIS-030', 41, '?????????? ??????????????', 25000, 0, '1', 1, 4, '1690182065.png', 1000, 10, 9, 0),
(192, 'လိပ်ပြာနှစ်ကောင် အောက်လိပ်ပြာကျောက်ပါ', 'ERS-006', 42, '???????????????? ????????????????????', 13500, 0, '1', 1, 4, '1690182066.png', 1000, 10, 9, 0),
(193, 'အစိမ်းကွပ်', 'NIS-031', 41, '??????????', 25000, 0, '1', 1, 4, '1690182091.png', 1000, 10, 9, 0),
(194, 'လိပ်ပြာခရမ်းကျောက်ပါရွှေ', 'ERS-007', 42, '????????????????????????', 14500, 0, '1', 1, 4, '1690182101.png', 1000, 10, 9, 0),
(195, 'Crown ရွှေ', 'NIS-032', 41, 'Crown ????', 25000, 0, '1', 1, 4, '1690182108.png', 1000, 10, 9, 0),
(196, 'ယုန်မွှေးပန်း + ဖြူ', 'SC - 009', 38, '????????????? + ???', 7500, 0, '1', 1, 4, '1690182112.png', 1000, 10, 9, 0),
(197, 'H ကျောက်ပါရွှေ', 'NIS-033', 41, 'H ????????????', 25000, 0, '1', 1, 4, '1690182133.png', 1000, 10, 9, 0),
(198, 'သစ်ခက်ပုံ ကျောက်ပါရွှေ', 'ERS-008', 42, '????????? ????????????', 14500, 0, '1', 1, 4, '1690182146.png', 1000, 10, 9, 0),
(199, 'Smile ပုံရွှေ', 'NIS-034', 41, 'Smile ???????', 25000, 0, '1', 1, 4, '1690182155.png', 1000, 10, 9, 0),
(200, 'ပုလံကျောက်ရံရွှေ', 'ERS-009', 36, '????????????????', 13500, 0, '1', 1, 4, '1690182185.png', 1000, 10, 9, 0),
(201, 'ဘယက်ပုံရွှေ', 'NIS-035', 41, '???????????', 30000, 0, '1', 1, 4, '1690182191.png', 1000, 10, 9, 0),
(202, 'အစိမ်းသုံးခု', 'NIS-036', 41, '????????????', 30000, 0, '1', 1, 4, '1690182212.png', 1000, 10, 9, 0),
(203, 'တိမ်ပုံ ပုလဲရွှေ', 'ERS-010', 42, '??????? ????????', 13500, 0, '1', 1, 4, '1690182218.png', 1000, 10, 9, 0),
(204, 'Hပုံရွှေ', 'NIS-037', 41, 'H???????', 30000, 0, '1', 1, 4, '1690182229.png', 1000, 10, 9, 0),
(205, 'ခက်ရင်းခွခရမ်းရွှေ', 'NIS-038', 41, '??????????????????', 30000, 0, '1', 1, 4, '1690182250.png', 1000, 10, 9, 0),
(206, 'ပန်းပွင့်ပုံ ကျောက်သုံးပွင့်ပါရွှေ', 'ERS-011', 42, '???????????? ?????????????????????', 13500, 0, '1', 1, 4, '1690182256.png', 1000, 10, 9, 0),
(207, 'အသဲပုံကျောက်နီရွှေ', 'NIS-039', 41, '??????????????????', 33500, 0, '1', 1, 4, '1690182266.png', 1000, 10, 9, 0),
(208, 'ပန်းလေးပွင့်ရွှေ ကျောက်ပါ', 'ERS-012', 42, '???????????????? ????????', 14500, 0, '1', 1, 4, '1690182291.png', 1000, 10, 9, 0),
(209, 'နှစ်ကုံးပါခြူလုံး', 'NIS-040', 41, '?????????????????', 33500, 0, '1', 1, 4, '1690182296.png', 1000, 10, 9, 0),
(210, 'နှင်းပွင့်ပုံ ကျောက်ခြောက်ပွင့်ပါ', 'ERS-013', 42, '????????????? ???????????????????', 12500, 0, '1', 1, 4, '1690182328.png', 1000, 10, 9, 0),
(211, 'ကျောက်တစ်ပွင့်ငွေ', 'NIS-041', 36, '?????????????????', 25000, 0, '1', 1, 4, '1690182329.png', 1000, 10, 9, 0),
(212, 'ပန်းပွင့်ငါးပွင့်ပါ ကြယ်ပုံရွှေ', 'ERS-014', 42, '??????????????????? ???????????', 13500, 0, '1', 1, 4, '1690182367.png', 1000, 10, 9, 0),
(213, 'လက်ဝါးကပ်တိုင်ကျောက်ငွေ', 'NIS-042', 41, '???????????????????????', 23000, 0, '1', 1, 4, '1690182372.png', 1000, 10, 9, 0),
(214, 'ငွေလခြမ်း', 'NIS-043', 41, '?????????', 23000, 0, '1', 1, 4, '1690182391.png', 1000, 10, 9, 0),
(215, 'ရောင်စုံနားဆွဲ 925 ရွှေ', 'ERS-015', 42, '?????????????? 925 ????', 2500, 0, '1', 1, 4, '1690182397.png', 1000, 10, 9, 0),
(216, 'ပုလဲတစ်ကွင်းပေါ် ဇာပါ +‌ရွှေ', 'SC - 010', 38, '???????????????? ???? +?????', 9500, 0, '1', 1, 4, '1690182397.png', 1000, 10, 9, 0),
(217, 'ငွေကြယ်ပွင့်ကျောက်ပါ', 'NIS-044', 41, '????????????????????', 33500, 0, '1', 1, 4, '1690182414.png', 1000, 10, 9, 0),
(218, 'ကြယ်ဗြောင်ကျောက်တစ်ပွင့်ပါ ရွှေ', 'ERS-016', 42, '?????????????????????????? ????', 13500, 0, '1', 1, 4, '1690182423.png', 1000, 10, 9, 0),
(219, 'Happy ငွေ', 'NIS-045', 41, 'Happy ???', 33500, 0, '1', 1, 4, '1690182450.png', 1000, 10, 9, 0),
(220, 'အသဲပုံကျောက်ပါ', 'ERS-017', 42, '??????????????', 13500, 0, '1', 1, 4, '1690182452.png', 1000, 10, 9, 0),
(221, 'သော့ခလောက်ပုံငွေ', 'NIS-046', 41, '????????????????', 23000, 0, '1', 1, 4, '1690182471.png', 1000, 10, 9, 0),
(222, 'ပန်းပွင့်ငါးပွင့်ကျောက်ပါ', 'ERS-018', 42, '?????????????????????????', 14500, 0, '1', 1, 4, '1690182482.png', 1000, 10, 9, 0),
(223, 'ပန်းရောင်ကျောက်သုံးပွင့်ပါ', 'NIS-047', 41, '??????????????????????????', 21500, 0, '1', 1, 4, '1690182488.png', 1000, 10, 9, 0),
(224, 'ခရမ်းဘယက်', 'NIS-048', 41, '?????????', 33500, 0, '1', 1, 4, '1690182507.png', 1000, 10, 9, 0),
(225, 'ကျောက်ငါးပွင့်စီရွှေ', 'ERS-019', 42, '????????????????????', 13500, 0, '1', 1, 4, '1690182513.png', 1000, 10, 9, 0),
(226, 'လက်ဝါးကပ်တိုင်ရွှေဆွဲကကြိုး', 'NIS-049', 41, '???????????????????????????', 23000, 0, '1', 1, 4, '1690182529.png', 1000, 10, 9, 0),
(227, 'ကြယ်သေကျောက်တစ်ပွင့်ကြီး ကြယ်ပုံကျောက်တစ်ပွင့်', 'ERS-020', 42, '???????????????????????? ?????????????????????', 14500, 0, '1', 1, 4, '1690182540.png', 1000, 10, 9, 0),
(228, 'U ပုံအကြီး ကျောက်ပါရွှေ', 'ERS-021', 42, 'U ???????? ????????????', 12500, 0, '1', 1, 4, '1690182575.png', 1000, 10, 9, 0),
(229, 'ပုစွန်ဆီရောင်ပုလဲ', 'NIP-001', 41, '?????????????????', 37000, 0, '1', 1, 4, '1690182598.png', 1000, 10, 9, 0),
(230, 'RC ကြီးရောင်စုံ', 'SC - 011', 38, 'RC ????????????', 6500, 0, '1', 1, 4, '1690182606.png', 1000, 10, 9, 0),
(231, 'Vပုံ ကျောက်ပါရွှေ', 'ERS-022', 42, 'V??? ????????????', 12500, 0, '1', 1, 4, '1690182610.png', 1000, 10, 9, 0),
(232, 'ပုလဲအကြီး', 'NIP-002', 41, '?????????', 23500, 0, '1', 1, 4, '1690182616.png', 1000, 10, 9, 0),
(233, 'ချယ်ရီသီးပုလဲ', 'NIP-003', 41, '?????????????', 18500, 0, '1', 1, 4, '1690182638.png', 1000, 10, 9, 0),
(234, 'ကိုလံဘီယာ လေးထောင့်ဖြူ', 'ERS-023', 42, '????????? ????????????', 12500, 0, '1', 1, 4, '1690182638.png', 1000, 10, 9, 0),
(235, 'ပုလဲ Choker', 'NIP-004', 41, '???? Choker', 15000, 0, '1', 1, 4, '1690182658.png', 1000, 10, 9, 0),
(236, 'ဗြောင်လက်ဝါးကပ်တိုင်ရွှေ', 'ERS-024', 42, '????????????????????????', 12500, 0, '1', 1, 4, '1690182669.png', 1000, 10, 9, 0),
(237, 'ဇာပန်းရောင်ဖြူပန်းပွင့်', 'SC - 012', 38, '???????????????????????', 3500, 0, '1', 1, 4, '1690182672.png', 1000, 10, 9, 0),
(238, 'Smile ပါပုလဲ', 'NIP-005', 41, 'Smile ??????', 27500, 0, '1', 1, 4, '1690182686.png', 1000, 10, 9, 0),
(239, 'ချိတ်ပုံဗြောင်ရွှေ 925', 'ERS-025', 42, '?????????????????? 925', 12500, 0, '1', 1, 4, '1690182705.png', 1000, 10, 9, 0),
(240, 'ပုလဲနှစ်ကုံးထပ်', 'NIP-006', 41, '???????????????', 12500, 0, '1', 1, 4, '1690182709.png', 1000, 10, 9, 0),
(241, 'ကျောက်နှစ်ပွင့် စိန်တန်းလန်း ', 'ERS-026', 42, '??????????????? ???????????? ', 14500, 0, '1', 1, 4, '1690182735.png', 1000, 10, 9, 0),
(242, 'ပုလဲလည်ပတ်ကြိုးမဲပါ', 'NIP-007', 36, '???????????????????', 8500, 0, '1', 1, 4, '1690182737.png', 1000, 10, 9, 0),
(243, 'အသဲပါ ပုလဲ', 'NIP-008', 41, '????? ????', 27500, 0, '1', 1, 4, '1690182753.png', 1000, 10, 9, 0),
(244, 'ပုလဲလေးလုံးနက် SC', 'SC - 013', 38, '?????????????? SC', 3500, 0, '1', 1, 4, '1690182762.png', 1000, 10, 9, 0),
(245, 'စပါးစေ့စိန်', 'ERS-027', 42, '???????????', 14500, 0, '1', 1, 4, '1690182767.png', 1000, 10, 9, 0),
(246, 'ပုလဲသုံးကုံး', 'NIP-009', 41, '????????????', 23000, 0, '1', 1, 4, '1690182770.png', 1000, 10, 9, 0),
(247, 'ပုလဲအကြီး', 'NIP-010', 41, '?????????', 16500, 0, '1', 1, 4, '1690182787.png', 1000, 10, 9, 0),
(248, 'ရွှေအဝိုင်းပြားကျောက်စီအောက်ပုလဲလုံး', 'ERS-028', 42, '????????????????????????????????????', 18500, 0, '1', 1, 4, '1690182792.png', 1000, 10, 9, 0),
(249, 'ပုလဲဆွဲကြိုး ငွေချိတ်', 'NIP-011', 41, '???????????? ????????', 30000, 0, '1', 1, 4, '1690182814.png', 1000, 10, 9, 0),
(250, 'စုံဖဲပွင့်သေး ရောင်စုံ', 'SC - 014', 38, '????????????? ????????', 3500, 0, '1', 1, 4, '1690182822.png', 1000, 10, 9, 0),
(251, 'ကျောက်လေးပွင့်စီ လေးထောင့်', 'ERS-029', 42, '???????????????? ?????????', 12500, 0, '1', 1, 4, '1690182831.png', 1000, 10, 9, 0),
(252, 'ပုလဲဆွဲကြိုး ရွှေလုံးလော့ကတ်', 'NIP-012', 41, '???????????? ???????????????', 30000, 0, '1', 1, 4, '1690182831.png', 1000, 10, 9, 0),
(253, 'ဘူးနက်ပါ ပုလဲဆွဲကြိုး', 'NIP-013', 41, '???????? ????????????', 135000, 0, '1', 1, 4, '1690182860.png', 1000, 10, 9, 0),
(254, 'ပန်းတစ်ဖက် ကျောက်ပါငွေ', 'ERS-030', 42, '?????????? ???????????', 14500, 0, '1', 1, 4, '1690182861.png', 1000, 10, 9, 0),
(255, 'ခရမ်းပုလဲ ရွှေပါအစု', 'NIP-014', 41, '????????? ?????????', 55000, 0, '1', 1, 4, '1690182879.png', 1000, 10, 9, 0),
(256, 'စုံအရုပ်စုံ', 'SC - 015', 38, '???????????', 4500, 0, '1', 1, 4, '1690182882.png', 1000, 10, 9, 0),
(257, 'ရွှေလိမ်ဖူးဗြောင်', 'ERS-031', 42, '?????????????????', 12500, 0, '1', 1, 4, '1690182890.png', 1000, 10, 9, 0),
(258, 'ပုလဲအလယ် ကျောက်စိမ်းပါလေးထောင့်', 'NIP-015', 41, '???????? ??????????????????????', 45000, 0, '1', 1, 4, '1690182899.png', 1000, 10, 9, 0),
(259, 'တစ်ဖက်ရွှေ တစ်ဖက်ကျောက်ပုလဲပါ', 'ERS-032', 42, '?????????? ??????????????????', 13500, 0, '1', 1, 4, '1690182917.png', 1000, 10, 9, 0),
(260, 'ပုလဲအလယ် ရွှေဝိုင်းထဲ ကြယ်နှစ်ပွင့်ပါ', 'NIP-016', 41, '???????? ???????????? ???????????????', 39000, 0, '1', 1, 4, '1690182918.png', 1000, 10, 9, 0),
(261, 'ပုလဲပိန်ဗြောင်ကြီး', 'NIP-017', 41, '??????????????????', 55000, 0, '1', 1, 4, '1690182935.png', 1000, 10, 9, 0),
(262, 'ပန်းလေးပွင့်ရွှေ ပန်းရောင်', 'ERS-033', 42, '???????????????? ?????????', 13500, 0, '1', 1, 4, '1690182952.png', 1000, 10, 9, 0),
(263, 'ပုလဲဗြောင် အသေး', 'NIP-018', 41, '?????????? ????', 55000, 0, '1', 1, 4, '1690182952.png', 1000, 10, 9, 0),
(264, 'FF အညို SC ကြီး', 'SC - 016', 38, 'FF ???? SC ????', 8500, 0, '1', 1, 4, '1690182964.png', 1000, 10, 9, 0),
(265, 'ပုလဲဆွဲကြိုး ရွှေကြိုးပါ ကျောက်တစ်ပွင့်တန်းလန်း', 'NIP-019', 41, '???????????? ??????????? ??????????????????????', 45000, 0, '1', 1, 4, '1690182969.png', 1000, 10, 9, 0),
(266, 'ပုလဲပိန် အသေး', 'NIP-020', 41, '???????? ????', 58500, 0, '1', 1, 4, '1690182990.png', 1000, 10, 9, 0),
(267, 'ကိုလံဘီယာမြ အဝိုင်း အစိမ်းရွှေ', 'ERS-034', 42, '??????????? ??????? ??????????', 12500, 0, '1', 1, 4, '1690182994.png', 1000, 10, 9, 0),
(268, 'ရွေလုံးတန်းလန်း နားဆွဲရှည်', 'ERS-035', 42, '??????????????? ??????????', 16000, 0, '1', 1, 4, '1690183020.png', 1000, 10, 9, 0),
(269, 'Xမဲ  pg', 'NIST-001', 41, 'X??  pg', 14500, 0, '1', 1, 4, '1690183033.png', 1000, 10, 9, 0),
(270, 'အနီကျောက်ပါ ရွှေနားဆွဲရှည်', 'ERS-036', 42, '??????????? ??????????????', 14500, 0, '1', 1, 4, '1690183045.png', 1000, 10, 9, 0),
(271, 'အသဲပုံအနီရောင်အသေး pg', 'NIST-002', 41, '?????????????????? pg', 14500, 0, '1', 1, 4, '1690183049.png', 1000, 10, 9, 0),
(272, 'အကွက်ပါဖဲ SC ရောင်စုံ', 'SC - 017', 38, '????????? SC ????????', 7500, 0, '1', 1, 4, '1690183064.png', 1000, 10, 9, 0),
(273, 'Chanel ငွေ', 'NIST-003', 41, 'Chanel ???', 17500, 0, '1', 1, 4, '1690183066.png', 1000, 10, 9, 0),
(274, 'အသဲနီ pg', 'ERS-037', 42, '????? pg', 13500, 0, '1', 1, 4, '1690183073.png', 1000, 10, 9, 0),
(275, 'Gucci pg', 'NIST-004', 41, 'Gucci pg', 17500, 0, '1', 1, 4, '1690183084.png', 1000, 10, 9, 0),
(276, 'Gucci ကြိုးကျဲကြီး', 'NIST-005', 41, 'Gucci ????????????', 18500, 0, '1', 1, 4, '1690183104.png', 1000, 10, 9, 0),
(277, 'pg ဖဲပွင့်', 'ERS-038', 42, 'pg ???????', 14500, 0, '1', 1, 4, '1690183107.png', 1000, 10, 9, 0),
(278, 'Gucci ကြိုးကျစ်ကြီး', 'NIST-006', 41, 'Gucci ?????????????', 18500, 0, '1', 1, 4, '1690183119.png', 1000, 10, 9, 0),
(279, 'စိန်တစ်ပွင့်ရွှေ', 'ERS-039', 42, '????????????????', 10500, 0, '1', 1, 4, '1690183135.png', 1000, 10, 9, 0),
(280, 'လေးထောင့်ပုံ အစိမ်းကြီး', 'NIST-007', 41, '???????????? ??????????', 15000, 0, '1', 1, 4, '1690183139.png', 1000, 10, 9, 0),
(281, 'ကျောက်ဖဲရွှေ', 'ERS-040', 42, '????????????', 12500, 0, '1', 1, 4, '1690183167.png', 1000, 10, 9, 0),
(282, 'လေးထောင့်ပုံ အထဲ X တံဆိပ်ပါ pg', 'NIST-008', 41, '???????????? ??? X ???????? pg', 14000, 0, '1', 1, 4, '1690183168.png', 1000, 10, 9, 0),
(283, 'အမွှေး SC', 'SC - 018', 38, '?????? SC', 1500, 0, '1', 1, 4, '1690183171.png', 1000, 10, 9, 0),
(284, 'ကျောက်စီပွင့်တန်းလန်း', 'ERS-041', 42, '?????????????????????', 18500, 0, '1', 1, 4, '1690183193.png', 1000, 10, 9, 0),
(285, 'ပုလဲ + Stဆွဲကြိုး', 'NIST-009', 41, '???? + St????????', 17500, 0, '1', 1, 4, '1690183199.png', 1000, 10, 9, 0),
(286, 'အနက်ကြိုးကျစ်ငွေ', 'NIST-010', 41, '????????????????', 13500, 0, '1', 1, 4, '1690183225.png', 1000, 10, 9, 0),
(287, 'စိန်ပါ SC', 'SC - 019', 38, '?????? SC', 2500, 0, '1', 1, 4, '1690183230.png', 1000, 10, 9, 0),
(288, 'ကျောက်ပါ မြွေလိမ်ရွှေ', 'ERS-042', 42, '???????? ????????????', 12500, 0, '1', 1, 4, '1690183230.png', 1000, 10, 9, 0),
(289, 'လိပ်ပြာပါငွေ', 'NIST-011', 41, '????????????', 15000, 0, '1', 1, 4, '1690183241.png', 1000, 10, 9, 0),
(290, 'O ပါနှစ်ကုံးငွေ', 'NIST-012', 41, 'O ?????????????', 15000, 0, '1', 1, 4, '1690183259.png', 1000, 10, 9, 0),
(291, 'စိန်ငါးပွင့်ပါရွှေ', 'ERS-043', 42, '??????????????????', 14500, 0, '1', 1, 4, '1690183278.png', 1000, 10, 9, 0),
(292, 'ပန်းနှစ်ပွင့်ပါငွေ', 'NIST-013', 41, '??????????????????', 12500, 0, '1', 1, 4, '1690183284.png', 1000, 10, 9, 0),
(293, 'ရောင်ပြေး SC', 'SC - 020', 38, '????????? SC', 2500, 0, '1', 1, 4, '1690183292.png', 1000, 10, 9, 0),
(294, 'ငွေဘယက်', 'NIST-014', 41, '???????', 15000, 0, '1', 1, 4, '1690183302.png', 1000, 10, 9, 0),
(295, 'X ငွေ', 'ERS-044', 42, 'X ???', 13500, 0, '1', 1, 4, '1690183321.png', 1000, 10, 9, 0),
(296, 'အသဲပုံပါ ငွေ', 'NIST-015', 41, '???????? ???', 15000, 0, '1', 1, 4, '1690183323.png', 1000, 10, 9, 0),
(297, 'ချိန်းကြိုးငွေ', 'NIST-016', 41, '??????????????', 14500, 0, '1', 1, 4, '1690183341.png', 1000, 10, 9, 0),
(298, 'လိပ်ပြာကျောက်တစ်ပွင့်ငွေ', 'ERS-045', 42, '????????????????????????', 14500, 0, '1', 1, 4, '1690183350.png', 1000, 10, 9, 0),
(299, 'လိုင်းစင်းဆွဲသား', 'SC - 021', 38, '????????????????', 2000, 0, '1', 1, 4, '1690183363.png', 1000, 10, 9, 0),
(300, 'ချိန်းကြိုးရွှေ', 'NIST-017', 41, '???????????????', 14500, 0, '1', 1, 4, '1690183366.png', 1000, 10, 9, 0),
(301, 'လခြမ်းငွေ ကျောက်ပါ', 'ERS-046', 42, '????????? ????????', 13500, 0, '1', 1, 4, '1690183376.png', 1000, 10, 9, 0),
(302, 'ဖဲငွေကျောက်တစ်ပွင့်', 'ERS-047', 42, '???????????????????', 14500, 0, '1', 1, 4, '1690183408.png', 1000, 10, 9, 0),
(303, 'ငွေကြိုးတစ်ဖက်ကြိုးနက်', 'NIST-018', 41, '??????????????????????', 12500, 0, '1', 1, 4, '1690183409.png', 1000, 10, 9, 0),
(304, 'ချိုကာနက်ကြိုး', 'NIST-019', 41, '??????????????', 9500, 0, '1', 1, 4, '1690183428.png', 1000, 10, 9, 0),
(305, 'အလိမ် SC သေး', 'SC - 022', 38, '????? SC ???', 3000, 0, '1', 1, 4, '1690183429.png', 1000, 10, 9, 0),
(306, 'အစိမ်းကျောက်ရံ', 'NIST-020', 41, '??????????????', 15500, 0, '1', 1, 4, '1690183451.png', 1000, 10, 9, 0),
(307, 'ဗြောင်လိမါပြာငွေ', 'ERS-048', 42, '????????????????', 10500, 0, '1', 1, 4, '1690183456.png', 1000, 10, 9, 0),
(308, 'ငွေကြိူးထစ် မြွေခေါင်း', 'NIST-021', 41, '??????????? ??????????', 13500, 0, '1', 1, 4, '1690183474.png', 1000, 10, 9, 0),
(309, 'H ငွေ', 'ERS-049', 42, 'H ???', 13500, 0, '1', 1, 4, '1690183488.png', 1000, 10, 9, 0),
(310, 'ပန်းပွင့်ဖူးငွေ', 'ERS-050', 42, '???????????????', 12500, 0, '1', 1, 4, '1690183514.png', 1000, 10, 9, 0),
(311, 'ဗြောင်သစ်ရွက်ပုံငွေ', 'ERS-051', 42, '???????????????????', 13500, 0, '1', 1, 4, '1690183541.png', 1000, 10, 9, 0),
(312, 'တစ်ဖက်ဗြောင် တစ်ဖက်ကျောက်ပါ', 'ERS-052', 42, '???????????? ??????????????', 13500, 0, '1', 1, 4, '1690183569.png', 1000, 10, 9, 0),
(313, 'ငွေတစ်ဖက်ကျောက်ပါ', 'ERS-053', 42, '?????????????????', 14500, 0, '1', 1, 4, '1690183594.png', 1000, 10, 9, 0),
(314, 'လိပ်ပြာကျောက်ပါ', 'ERS-054', 42, '???????????????', 13500, 0, '1', 1, 4, '1690183623.png', 1000, 10, 9, 0),
(315, 'ငွေနတ်သမီးပုံ', 'ERS-055', 42, '?????????????', 14500, 0, '1', 1, 4, '1690183650.png', 1000, 10, 9, 0),
(316, 'ငွေ', 'ERS-056', 42, '???', 13500, 0, '1', 1, 4, '1690183672.png', 1000, 10, 9, 0),
(317, ' ရွှေချောင်း SC ရွှေ', 'SC - 023', 38, ' ??????????? SC ????', 3500, 0, '1', 1, 4, '1690183698.png', 1000, 10, 9, 0),
(318, 'ငွေပြား', 'ERS-057', 42, '???????', 12500, 0, '1', 1, 4, '1690183699.png', 1000, 10, 9, 0),
(319, 'သစ်ခက်ငါးခတ်ငွေ ကျောက်ပါ', 'ERS-058', 42, '??????????????? ????????', 14500, 0, '1', 1, 4, '1690183747.png', 1000, 10, 9, 0),
(320, 'ငွေအလိမ်ကြီးလေး', 'ER - 001', 42, '???????????????', 14000, 0, '1', 1, 4, '1690183755.png', 1000, 10, 9, 0),
(321, 'သစ်ခက်ကျောက်တစ်ပွင့်ပါငွေ', 'ERS-059', 36, '?????????????????????????', 14500, 0, '1', 1, 4, '1690183771.png', 1000, 10, 9, 0),
(322, 'ငွေ‌ဗြောင်ပေါ့ကြီး', 'ER - 002', 42, '??????????????????', 13000, 0, '1', 1, 4, '1690183776.png', 1000, 10, 9, 0),
(323, 'ငွေကွင်းလတ်ကွင်း', 'ER - 003', 42, '????????????????', 9000, 0, '1', 1, 4, '1690183796.png', 1000, 10, 9, 0),
(324, 'တြိဂံပုံ ငွေဗြောင်', 'ERS-060', 42, '???????? ?????????', 12500, 0, '1', 1, 4, '1690183796.png', 1000, 10, 9, 0),
(325, 'ကျောက်တစ်ပွင့်', 'ERS-061', 42, '??????????????', 13500, 0, '1', 1, 4, '1690183821.png', 1000, 10, 9, 0),
(326, 'ငွေကွင်းသေး', 'ER - 004', 42, '???????????', 8500, 0, '1', 1, 4, '1690183833.png', 1000, 10, 9, 0),
(327, 'ရွှေကွင်းသေး', 'ER - 005', 42, '????????????', 8500, 0, '1', 1, 4, '1690183852.png', 1000, 10, 9, 0),
(328, 'ငွေချောင်း SC ရွှေ', 'SC - 024', 38, '?????????? SC ????', 3500, 0, '1', 1, 4, '1690183883.png', 1000, 10, 9, 0),
(329, 'ဖြူပန်း ညှပ်နားကပ်', 'ERC-001', 42, '??????? ??????????', 9500, 0, '1', 1, 4, '1690183892.png', 1000, 10, 9, 0),
(330, 'ငွေကွင်းပြားသေး', 'ER - 006', 42, '???????????????', 11000, 0, '1', 1, 4, '1690183896.png', 1000, 10, 9, 0),
(331, 'ရွှေကွင်းပြားသေး', 'ER - 007', 42, '????????????????', 15500, 0, '1', 1, 4, '1690183915.png', 1000, 10, 9, 0),
(332, 'ရွှေချိတ်ပုံ ပုလဲတစ်လုံး', 'ERC-002', 42, '???????????? ???????????', 9500, 0, '1', 1, 4, '1690183917.png', 1000, 10, 9, 0),
(333, 'နှင်းဆီရွှေပုံ ရွှေ', 'ERC-003', 42, '?????????????? ????', 9500, 0, '1', 1, 4, '1690183944.png', 1000, 10, 9, 0),
(334, 'စိန်ပါ ဖဲပြား သက်တန့် SC', 'SC - 025', 38, '?????? ?????? ??????? SC', 5500, 0, '1', 1, 4, '1690183959.png', 1000, 10, 9, 0),
(335, 'ပုလဲတစ်လုံးအကြီး ညှပ်နားကပ်', 'ERC-004', 42, '???????????????? ??????????', 9500, 0, '1', 1, 4, '1690183973.png', 1000, 10, 9, 0),
(336, 'Uပုံ တစ်ဖက်ကျောက်ပါ တစ်ဖက်ဗြောင်', 'ERC-005', 42, 'U??? ?????????????? ????????????', 9500, 0, '1', 1, 4, '1690184001.png', 1000, 10, 9, 0),
(337, 'X ပုံရွှေ ကျောက်ပါ', 'ERC-006', 42, 'X ??????? ????????', 12500, 0, '1', 1, 4, '1690184029.png', 1000, 10, 9, 0),
(338, 'ပုလဲ တစ်လုံးကြီး SC', 'SC - 026', 38, '???? ??????????? SC', 3500, 0, '1', 1, 4, '1690184038.png', 1000, 10, 9, 0),
(339, 'ကျောက်ပန်းရောင် ကြယ်ပုံ', 'ERC-007', 42, '??????????????? ???????', 12500, 0, '1', 1, 4, '1690184057.png', 1000, 10, 9, 0),
(340, 'ရွှေသစ်ရွက်ပုံ', 'ERC-008', 42, '??????????????', 12500, 0, '1', 1, 4, '1690184084.png', 1000, 10, 9, 0),
(341, 'မိုးပြာရောင် / နက် / ခရမ်း / စိမ်း', 'SC - 027', 38, '???????????? / ??? / ????? / ?????', 4500, 0, '1', 1, 4, '1690184097.png', 1000, 10, 9, 0),
(342, 'ရွှေလိမ်ကွင်းတြိဂံပုံ', 'ERC-009', 42, '?????????????????????', 12500, 0, '1', 1, 4, '1690184111.png', 1000, 10, 9, 0),
(343, 'ဖိနပ်ရွှေကျောက်ပါ', 'ERC-010', 42, '?????????????????', 12500, 0, '1', 1, 4, '1690184133.png', 1000, 10, 9, 0),
(344, 'ရေလိူင်းပုံ ညှပ်နားကပ် နားကွင်း', 'ERC-011', 42, '??????????? ?????????? ????????', 12500, 0, '1', 1, 4, '1690184160.png', 1000, 10, 9, 0),
(345, 'ဇာလိုင်းစင်း မိုးပြာ/ ဖြူစိမ်း /ပန်း/ နက်', 'SC - 028', 38, '???????????? ???????/ ???????? /????/ ???', 4500, 0, '1', 1, 4, '1690184177.png', 1000, 10, 9, 0),
(346, 'ပုလဲသုံးလုံးပါ ရွှေကြိုးလုံး', 'ERC-012', 42, '?????????????? ?????????????', 12500, 0, '1', 1, 4, '1690184184.png', 1000, 10, 9, 0),
(347, 'ကျောက်လေးလုံးပါရွှေ', 'ERC-013', 42, '???????????????????', 12500, 0, '1', 1, 4, '1690184211.png', 1000, 10, 9, 0),
(348, 'အကွက် SC ဖြူ', 'SC - 029', 38, '????? SC ???', 5500, 0, '1', 1, 4, '1690184230.png', 1000, 10, 9, 0),
(349, 'ကျောက်ငါးပွင့်ပါ စိန်တန်းလန်းရွှေ', 'ERC-014', 42, '???????????????? ????????????????', 12500, 0, '1', 1, 4, '1690184235.png', 1000, 10, 9, 0),
(350, 'နှင်းပွင့်ပုံ ပုလဲတစ်လုံး', 'ERC-015', 42, '????????????? ???????????', 12500, 0, '1', 1, 4, '1690184257.png', 1000, 10, 9, 0),
(351, 'ကျောက်ဖြူအလုံးတန်းလန်း', 'ERC-016', 42, '??????????????????????', 12500, 0, '1', 1, 4, 'image_placeholder.png', 1000, 10, 9, 0),
(352, 'Xပုံအကြီး ပုလဲတစ်လုံး', 'ERC-017', 42, 'X???????? ???????????', 12500, 0, '1', 1, 4, '1690184303.png', 1000, 10, 9, 0),
(353, 'အကွက် SC ပြာ', 'SC - 030', 38, '????? SC ???', 5500, 0, '1', 1, 4, '1690184307.png', 1000, 10, 9, 0),
(354, 'လေးထောင့်နှစ်ခုပါ တစ်ခုရွှေတစ်ခုကျောက်', 'ERC-018', 42, '????????????????? ????????????????????', 12500, 0, '1', 1, 4, '1690184324.png', 1000, 10, 9, 0),
(355, 'အနီရောင် အခုံး', 'ERC-019', 42, '???????? ?????', 12500, 0, '1', 1, 4, '1690184346.png', 1000, 10, 9, 0),
(356, 'ပုလဲခြောက်လုံးပါညှပ်နားကပ်', 'ERC-020', 42, '??????????????????????????', 12500, 0, '1', 1, 4, '1690184377.png', 1000, 10, 9, 0),
(357, 'ရွှေကြိုးတန်းလန်း ပုလဲတစ်လုံး', 'ERC-021', 42, '????????????????? ???????????', 12500, 0, '1', 1, 4, '1690184403.png', 1000, 10, 9, 0),
(358, 'အဝိုင်းအောက် ကျောက်လေးလုံးပါ', 'ERC-022', 42, '???????????? ???????????????', 12500, 0, '1', 1, 4, '1690184427.png', 1000, 10, 9, 0),
(359, 'ငွေကျောက်တစ်ပွင့်', 'ERC-023', 42, '?????????????????', 12500, 0, '1', 1, 4, '1690184451.png', 1000, 10, 9, 0),
(360, 'အသဲတန်းလန်း ညှပ်နားကပ်', 'ERC-024', 42, '??????????? ??????????', 12500, 0, '1', 1, 4, '1690184474.png', 1000, 10, 9, 0),
(361, 'ရောင်စုံပန်းပွင့် အဝိုင်းညှပ်နားကပ်', 'ERC-025', 42, '????????????????? ?????????????????', 15500, 0, '1', 1, 4, '1690184497.png', 1000, 10, 9, 0),
(362, 'အကွက် SC နက်', 'SC - 031', 38, '????? SC ???', 5500, 0, '1', 1, 4, '1690184500.png', 1000, 10, 9, 0),
(363, 'လှေ ပုံဖြူ', 'ERC-026', 42, '??? ??????', 15500, 0, '1', 1, 4, '1690184522.png', 1000, 10, 9, 0),
(364, 'လသ လှေပုံရွှေ', 'ERC-027', 42, '?? ??????????', 15500, 0, '1', 1, 4, '1690184546.png', 1000, 10, 9, 0),
(365, 'ရွှေတစ်လုံး ပုလဲလေးလုံးတန်းလန်း', 'ERC-028', 42, '??????????? ???????????????????', 15500, 0, '1', 1, 4, '1690184569.png', 1000, 10, 9, 0),
(366, 'အကွက် SC ပန်းရောင်', 'SC - 032', 38, '????? SC ?????????', 5500, 0, '1', 1, 4, '1690184580.png', 1000, 10, 9, 0),
(367, ' J ပုံငွေကြိုးတန်းလန်း', 'ERC-029', 36, ' J ???????????????????', 15500, 0, '1', 1, 4, '1690184590.png', 1000, 10, 9, 0),
(368, 'ရွှေလုံး လိပ်ပြာသုံးကောင်တန်းလန်း', 'ERC-030', 42, '???????? ????????????????????????', 15500, 0, '1', 1, 4, '1690184615.png', 1000, 10, 9, 0),
(369, 'အပေါ်နှင်းဆီ ရွှေ အောက်ပုလဲအဝိုင်း', 'ERC-031', 42, '???????????? ???? ????????????????', 15500, 0, '1', 1, 4, '1690184638.png', 1000, 10, 9, 0),
(370, 'GUCCI အဖြူ', 'SC - 033', 38, 'GUCCI ????', 5500, 0, '1', 1, 4, '1690184647.png', 1000, 10, 9, 0),
(371, 'သစ်ရွက်အနီ', 'ERC-032', 41, '??????????', 18500, 0, '1', 1, 4, '1690184664.png', 1000, 10, 9, 0),
(372, 'သစ်ရွက်တစ်ခုဖြူတစ်ခုကျောက်', 'ERC-033', 42, '??????????????????????????', 18500, 0, '1', 1, 4, '1690184690.png', 1000, 10, 9, 0),
(373, 'GUCCI အနက်', 'SC - 034', 38, 'GUCCI ????', 5500, 0, '1', 1, 4, '1690184704.png', 1000, 10, 9, 0),
(374, 'လေးထောင့်ကျောက် ပုလဲသုံးလုံးသေး တစ်လုံးကြီးနားဆွဲ', 'ERC-034', 42, '??????????????? ??????????????? ?????????????????', 18500, 0, '1', 1, 4, '1690184716.png', 1000, 10, 9, 0),
(375, 'ကျားသစ် SC', 'SC - 035', 38, '??????? SC', 5500, 0, '1', 1, 4, '1690184761.png', 1000, 10, 9, 0),
(376, 'ပန်းဇာ တစ်ဝက် အသား တစ်ဝက်အပြာ', 'SC - 036', 38, '?????? ?????? ???? ??????????', 5500, 0, '1', 1, 4, '1690184833.png', 1000, 10, 9, 0),
(377, 'ပန်းဇာ တစ်ဝက် အသား တစ်ဝက်အစိမ်း', 'SC - 037', 38, '?????? ?????? ???? ????????????', 5500, 0, '1', 1, 4, '1690184886.png', 1000, 10, 9, 0),
(378, 'ဇာ အဖြူ', 'SC - 038', 38, '?? ????', 3000, 0, '1', 1, 4, '1690184949.png', 1000, 10, 9, 0),
(379, 'ဇာ ပန်းရောင်', 'SC - 039', 38, '?? ?????????', 3000, 0, '1', 1, 4, '1690185002.png', 1000, 10, 9, 0),
(380, 'ဇာ အစိမ်းရောင်', 'SC - 040', 38, '?? ???????????', 3000, 0, '1', 1, 4, '1690185064.png', 1000, 10, 9, 0),
(381, 'ဇာ အပြာ', 'SC - 041', 38, '?? ????', 3000, 0, '1', 1, 4, '1690185104.png', 1000, 10, 9, 0),
(382, 'ပုလဲနှစ်ကွင်းပေါ်က ဖဲနက်', 'SC - 042', 38, '?????????????????? ?????', 6500, 0, '1', 1, 4, '1690185152.png', 1000, 10, 9, 0),
(383, 'ပုလဲနှစ်ကွင်း ရွှေရောင်', 'SC - 043', 38, '????????????? ?????????', 6500, 0, '1', 1, 4, '1690185207.png', 1000, 10, 9, 0),
(384, 'သကြားလုံးပုံ', 'ER - 008', 42, '????????????', 14000, 0, '1', 1, 4, '1690185230.png', 1000, 10, 9, 0),
(385, 'အကွက် Hand made ပန်း', 'SC - 044', 38, '????? Hand made ????', 6000, 0, '1', 1, 4, '1690185250.png', 1000, 10, 9, 0),
(386, 'ငွေရောင်ကျောက်တန်းလန်းငွေ', 'ER - 009', 42, '?????????????????????????', 15500, 0, '1', 1, 4, '1690185269.png', 1000, 10, 9, 0),
(387, 'ပန်းပွင့်ပုံ ပုလဲကြီး', 'ER - 010', 42, '???????????? ????????', 9500, 0, '1', 1, 4, '1690185297.png', 1000, 10, 9, 0),
(388, 'အကွက် Hand made အဝါ', 'SC - 045', 38, '????? Hand made ???', 6000, 0, '1', 1, 4, '1690185297.png', 1000, 10, 9, 0),
(389, 'အသဲပုံငွေကွင်း', 'ER - 011', 42, '??????????????', 9500, 0, '1', 1, 4, '1690185322.png', 1000, 10, 9, 0),
(390, 'လေးထောင့်ပုံရွှေသေး', 'ER - 012', 42, '???????????????????', 9500, 0, '1', 1, 4, '1690185345.png', 1000, 10, 9, 0),
(391, 'ဇာပန်းရောင် နှင်းဆီလေးပွင့်', 'SC - 046', 38, '??????????? ???????????????', 3000, 0, '1', 1, 4, '1690185346.png', 1000, 10, 9, 0),
(392, 'လေးထောင့်ပုံငွေသေး', 'ER - 013', 42, '??????????????????', 9500, 0, '1', 1, 4, '1690185381.png', 1000, 10, 9, 0),
(393, 'ဇာအပြာ နှင်းဆီလေးပွင့်', 'SC - 047', 38, '?????? ???????????????', 3000, 0, '1', 1, 4, '1690185396.png', 1000, 10, 9, 0),
(394, 'လေးထောင့်ပုံရွှေကြီး', 'ER - 014', 42, '????????????????????', 9500, 0, '1', 1, 4, '1690185408.png', 1000, 10, 9, 0),
(395, 'ပုလဲသုံးလုံး', 'ER - 015', 42, '????????????', 9500, 0, '1', 1, 4, '1690185435.png', 1000, 10, 9, 0),
(396, 'ဇာအဖြူ နှင်းဆီလေးပွင်', 'SC - 048', 38, '?????? ??????????????', 3000, 0, '1', 1, 4, '1690185460.png', 1000, 10, 9, 0),
(397, 'ပန်းမဲ ပုလဲနားကွင်း', 'ER - 016', 42, '?????? ????????????', 9500, 0, '1', 1, 4, '1690185463.png', 1000, 10, 9, 0),
(398, 'ရွှေပုလဲသုံးလုံး', 'ER - 017', 42, '????????????????', 11500, 0, '1', 1, 4, '1690185494.png', 1000, 10, 9, 0),
(399, 'ပုလဲ SC နှင်းဆီ ငါးပွင့်ဖြူ', 'SC - 049', 38, '???? SC ??????? ???????????', 6500, 0, '1', 1, 4, '1690185501.png', 1000, 10, 9, 0),
(400, 'ပုလဲနားဆွဲ', 'ER - 018', 42, '??????????', 9500, 0, '1', 1, 4, '1690185525.png', 1000, 10, 9, 0),
(401, 'လိပ်ပြာတစ်ဖက်နားဆွဲ Cust', 'ER - 101', 42, '???????????????????? Cust', 8500, 0, '1', 1, 4, '1690185538.png', 1000, 10, 9, 0),
(402, 'ပုလဲ SC နှင်းဆီ ငါးပွင့်ပန်းရောင်', 'SC - 050', 38, '???? SC ??????? ?????????????????', 6500, 0, '1', 1, 4, '1690185546.png', 1000, 10, 9, 0),
(403, 'အသဲသုံးခု + ကွင်းသုံးခု', 'ER - 019', 42, '????????? + ???????????', 21000, 0, '1', 1, 4, '1690185550.png', 1000, 10, 9, 0),
(404, 'သစ်ခက်တွဲလောင်း‌ေရွှကွင်း', 'ER - 102', 42, '?????????????????????????', 14500, 0, '1', 1, 4, '1690185569.png', 1000, 10, 9, 0),
(405, 'ရွှေအိတ်ပုံ', 'ER - 020', 42, '???????????', 15000, 0, '1', 1, 4, '1690185580.png', 1000, 10, 9, 0),
(406, 'SC ဘူး', 'SC - 051', 38, 'SC ???', 9500, 0, '1', 1, 4, '1690185590.png', 1000, 10, 9, 0),
(407, 'အပေါ်လေးထောင့်သေး အောက်လေးထောင့်ကြီးရွှေ', 'ER - 021', 42, '????????????????? ??????????????????????', 16500, 0, '1', 1, 4, '1690185609.png', 1000, 10, 9, 0),
(408, 'ရွှေခြင်းတောင်း', 'ER - 103', 42, '???????????????', 14500, 0, '1', 1, 4, '1690185617.png', 1000, 10, 9, 0),
(409, '၄၅၀၀ တန် SC နီ/ နက်/ဖြူ / အညို/ အသား', 'SC - 052', 38, '???? ??? SC ??/ ???/??? / ????/ ????', 4500, 0, '1', 1, 4, '1690185631.png', 1000, 10, 9, 0),
(410, 'အသဲမဲကွင်းသေး', 'ER - 022', 42, '?????????????', 9500, 0, '1', 1, 4, '1690185632.png', 1000, 10, 9, 0),
(411, 'ပန်းဖြူတွဲလောင်းကျောက်', 'ER - 104', 42, '??????????????????????', 14500, 0, '1', 1, 4, '1690185638.png', 1000, 10, 9, 0),
(412, 'အသဲငွေကြီး', 'ER - 023', 42, '??????????', 9500, 0, '1', 1, 4, '1690185658.png', 1000, 10, 9, 0),
(413, 'ငွေပုလဲ', 'ER - 105', 42, '???????', 14500, 0, '1', 1, 4, '1690185660.png', 1000, 10, 9, 0),
(414, 'ပန်းဝါသစ်ခက်မဲ', 'ER - 024', 42, '??????????????', 9500, 0, '1', 1, 4, '1690185686.png', 1000, 10, 9, 0),
(415, 'ပုလဲ‌ရွှေ', 'ER - 106', 42, '?????????', 13000, 0, '1', 1, 4, '1690185690.png', 1000, 10, 9, 0),
(416, 'ပန်းပြာသစ်ခက်မဲ', 'ER - 025', 42, '???????????????', 9500, 0, '1', 1, 4, '1690185715.png', 1000, 10, 9, 0),
(417, 'Dior ပုလဲ', 'ER - 107', 42, 'Dior ????', 13000, 0, '1', 1, 4, '1690185721.png', 1000, 10, 9, 0),
(418, 'လိပ်ပြာကျောက်', 'ER - 026', 42, '?????????????', 9500, 0, '1', 1, 4, '1690185742.png', 1000, 10, 9, 0),
(419, 'အပေါ်ပုလဲတစ်လုံး အောက်ပုလဲငါးလုံး 2 way', 'ER - 027', 42, '???????????????? ???????????????? 2 way', 9500, 0, '1', 1, 4, '1690185765.png', 1000, 10, 9, 0),
(420, 'ဖဲပွင့်ပုံငွေရောင်', 'ER - 028', 42, '??????????????????', 9500, 0, '1', 1, 4, '1690185797.png', 1000, 10, 9, 0),
(421, 'ပန်းပွင်ပုံ ပုလဲအသေး', 'ER - 029', 42, '??????????? ????????', 9500, 0, '1', 1, 4, '1690185823.png', 1000, 10, 9, 0);
INSERT INTO `products` (`product_id`, `product_name`, `product_code`, `product_category_id`, `product_description`, `product_sell_price`, `product_buy_price`, `product_weight`, `product_weight_unit_id`, `product_supplier_id`, `product_image`, `product_stock`, `shop_id`, `owner_id`, `tax`) VALUES
(422, ' အပေါ်ရွှေအောက်ကျောက်တစ်ပွင့်', 'ER - 108', 42, ' ????????????????????????????', 14500, 0, '1', 1, 4, '1690185841.png', 1000, 10, 9, 0),
(423, 'ပုလဲခုနစ်လုံး စုပန်းသေး', 'ER - 030', 42, '????????????? ?????????', 9500, 0, '1', 1, 4, '1690185852.png', 1000, 10, 9, 0),
(424, 'ရွှေဖဲပြားပုလဲ', 'ER - 109', 42, '??????????????', 14500, 0, '1', 1, 4, '1690185871.png', 1000, 10, 9, 0),
(425, 'ပုလဲ + ရွှေလိမ်ကွင်း', 'ER - 031', 42, '???? + ?????????????', 14500, 0, '1', 1, 4, '1690185876.png', 1000, 10, 9, 0),
(426, 'အနက်လေးထောင့်', 'ER - 110', 42, '?????????????', 14500, 0, '1', 1, 4, '1690185890.png', 1000, 10, 9, 0),
(427, 'အသဲပုံ ရွှေအသေး', 'ER - 032', 42, '?????? ????????', 9500, 0, '1', 1, 4, '1690185920.png', 1000, 10, 9, 0),
(428, 'ပန်း‌ရောင်ကျောက် ပုလဲနားဆွဲ', 'ER - 111', 42, '???????????????? ??????????', 14500, 0, '1', 1, 4, '1690185922.png', 1000, 10, 9, 0),
(429, 'ငွေနားဆွဲ စိန်ပွင့်ပါ ကျောက်', 'ER - 112', 42, '????????? ??????????? ??????', 14500, 0, '1', 1, 4, '1690185945.png', 1000, 10, 9, 0),
(430, 'အသဲပုံ နှစ်ထပ်ငွေ', 'ER - 033', 42, '?????? ??????????', 9500, 0, '1', 1, 4, '1690185946.png', 1000, 10, 9, 0),
(431, 'စိန်ပွင့်ပါ ပန်းနားဆွဲ', 'ER - 113', 42, '??????????? ??????????', 14500, 0, '1', 1, 4, '1690185966.png', 1000, 10, 9, 0),
(432, 'ဖဲမဲ ပုလဲ', 'ER - 034', 42, '???? ????', 9500, 0, '1', 1, 4, '1690185976.png', 1000, 10, 9, 0),
(433, 'တံတားပုံ', 'ER - 035', 42, '????????', 18500, 0, '1', 1, 4, '1690186005.png', 1000, 10, 9, 0),
(434, 'ငါးမြီးပုလဲ', 'ER - 114', 42, '???????????', 14500, 0, '1', 1, 4, '1690186005.png', 1000, 10, 9, 0),
(435, 'လေးထောင့် ကျောက်စီ ရွှေနားကပ်', 'ER - 115', 42, '????????? ???????? ??????????', 18500, 0, '1', 1, 4, '1690186026.png', 1000, 10, 9, 0),
(436, 'အသဲပုံ ကျောက်ပြာ', 'ER - 036', 42, '?????? ?????????', 9500, 0, '1', 1, 4, '1690186032.png', 1000, 10, 9, 0),
(437, 'H ပါ ရွှေ', 'ER - 116', 42, 'H ?? ????', 14500, 0, '1', 1, 4, '1690186051.png', 1000, 10, 9, 0),
(438, 'ပုလဲခြောက်လုံးနားကပ်', 'ER - 037', 42, '????????????????????', 12500, 0, '1', 1, 4, '1690186061.png', 1000, 10, 9, 0),
(439, 'ကျောက်ပါ Opposite ငွေ', 'ER - 117', 42, '???????? Opposite ???', 21000, 0, '1', 1, 4, '1690186078.png', 1000, 10, 9, 0),
(440, 'ပန်းပွင့်ပုံရွှေ', 'ER - 038', 42, '????????????????', 12500, 0, '1', 1, 4, '1690186089.png', 1000, 10, 9, 0),
(441, 'အသဲပါ ပုလဲသုံးလုံး', 'ER - 118', 42, '????? ????????????', 14500, 0, '1', 1, 4, '1690186107.png', 1000, 10, 9, 0),
(442, 'ဖဲပွင့်ပုံ ရွှေနားကွင်း', 'ER - 039', 42, '?????????? ????????????', 12500, 0, '1', 1, 4, '1690186116.png', 1000, 10, 9, 0),
(443, 'အနက် ဇာပါကုပ်', 'CP -001', 39, '???? ????????', 9500, 0, '1', 1, 4, '1690186138.png', 1000, 10, 9, 0),
(444, 'ပုလဲ ဖဲပြားပါ', 'ER - 040', 42, '???? ????????', 9500, 0, '1', 1, 4, '1690186140.png', 1000, 10, 9, 0),
(445, 'အသဲပုံ ပုလဲပါ', 'ER - 041', 42, '?????? ??????', 9500, 0, '1', 1, 4, '1690186166.png', 1000, 10, 9, 0),
(446, 'အဝိုင်းပုံ ပုလဲပါ', 'ER - 042', 42, '?????????? ??????', 9500, 0, '1', 1, 4, '1690186192.png', 1000, 10, 9, 0),
(447, 'ရွှေ‌ရောင်ဇာပါကုပ်', 'CP -002', 39, '??????????????????', 9500, 0, '1', 1, 4, '1690186196.png', 1000, 10, 9, 0),
(448, 'ပုလဲဖြူ အကြီး', 'ER - 043', 42, '??????? ?????', 13500, 0, '1', 1, 4, '1690186218.png', 1000, 10, 9, 0),
(449, 'ပုလဲခဲကြီး', 'ER - 044', 42, '??????????', 13500, 0, '1', 1, 4, '1690186241.png', 1000, 10, 9, 0),
(450, 'PPADA နက်ကုပ် + ညို + ဖြူ', 'CP -003', 39, 'PPADA ??????? + ??? + ???', 9500, 0, '1', 1, 4, '1690186241.png', 1000, 10, 9, 0),
(451, 'ကျောက်ပါ ပုလဲ', 'ER - 045', 42, '???????? ????', 15500, 0, '1', 1, 4, '1690186263.png', 1000, 10, 9, 0),
(452, 'ရောင်စုံ ကျောက်ငါးခု', 'ER - 046', 42, '???????? ???????????', 17500, 0, '1', 1, 4, '1690186291.png', 1000, 10, 9, 0),
(453, 'RRADA အကြီး', 'CP -004', 39, 'RRADA ?????', 9500, 0, '1', 1, 4, '1690186315.png', 1000, 10, 9, 0),
(454, 'ခြောက်စုံပါ HELLO', 'ER - 047', 42, '??????????? HELLO', 14500, 0, '1', 1, 4, '1690186317.png', 1000, 10, 9, 0),
(455, 'ငါးမြီးပုံ Cust', 'ER - 048', 42, '?????????? Cust', 8500, 0, '1', 1, 4, '1690186342.png', 1000, 10, 9, 0),
(456, ' ထိပ်ဖဲပွင့်နက် + ဖြူ', 'CP -005', 39, ' ?????????????? + ???', 7500, 0, '1', 1, 4, '1690186366.png', 1000, 10, 9, 0),
(457, 'Cust ပုလဲ', 'ER - 049', 42, 'Cust ????', 7500, 0, '1', 1, 4, '1690186368.png', 1000, 10, 9, 0),
(458, '‌ရွှေတန်းလန်းငါးခုပါ Cust', 'ER - 050', 42, '???????????????????? Cust', 7500, 0, '1', 1, 4, '1690186400.png', 1000, 10, 9, 0),
(459, 'X ဖြူ+ X နက်ထုပ် ', 'CP -006', 39, 'X ???+ X ??????? ', 8500, 0, '1', 1, 4, '1690186429.png', 1000, 10, 9, 0),
(460, 'ရွှေအတွန့် Cust', 'ER - 051', 42, '?????????? Cust', 7500, 0, '1', 1, 4, '1690186433.png', 1000, 10, 9, 0),
(461, 'နှင်းဆီဖြူ  Cust', 'ER - 052', 42, '??????????  Cust', 7500, 0, '1', 1, 4, '1690186458.png', 1000, 10, 9, 0),
(462, 'နှင်းဆီရွှေ Cust', 'ER - 053', 42, '??????????? Cust', 7500, 0, '1', 1, 4, '1690186480.png', 1000, 10, 9, 0),
(463, 'ရောင်စုံ သံကုပ်', 'CP -007', 39, '???????? ??????', 5500, 0, '1', 1, 4, '1690186502.png', 1000, 10, 9, 0),
(464, 'အသဲငွေ နှစ်ဖက်ပုံ Cust', 'ER - 054', 42, '?????? ?????????? Cust', 8500, 0, '1', 1, 4, '1690186504.png', 1000, 10, 9, 0),
(465, 'ဂ ငယ်ပုံ Cust', 'ER - 055', 42, '? ?????? Cust', 7500, 0, '1', 1, 4, '1690186526.png', 1000, 10, 9, 0),
(466, 'တစ်ဝက် Cust', 'ER - 056', 42, '?????? Cust', 16500, 0, '1', 1, 4, '1690186548.png', 1000, 10, 9, 0),
(467, 'အဖြူပုံစံ အစုံကုပ်', 'CP -008', 39, '????????? ????????', 2500, 0, '1', 1, 4, '1690186582.png', 1000, 10, 9, 0),
(468, 'လိပ်ပြာ ပါ ကြယ်ရွှေ တစ်ဖက်ထဲ', 'ER - 057', 42, '??????? ?? ???????? ????????', 16500, 0, '1', 1, 4, '1690186582.png', 1000, 10, 9, 0),
(469, 'ပန်းပါငွေ တစ်ဖက်ထဲ', 'ER - 058', 42, '????????? ????????', 16500, 0, '1', 1, 4, '1690186607.png', 1000, 10, 9, 0),
(470, 'လိပ်ပြာပုံ ငွေ  ငွေကြိုးတန်းလန်း', 'ER - 059', 42, '?????????? ???  ????????????????', 9500, 0, '1', 1, 4, '1690186631.png', 1000, 10, 9, 0),
(471, 'ကြယ်ပုံ Cust', 'ER - 060', 42, '??????? Cust', 7500, 0, '1', 1, 4, '1690186656.png', 1000, 10, 9, 0),
(472, 'ငွေသစ်ခက်နားဆွဲရှည်', 'ER - 119', 42, '???????????????????', 23500, 0, '1', 1, 4, '1690186669.png', 1000, 10, 9, 0),
(473, 'Toni နက် + နက်ပြာ', 'CP -009', 39, 'Toni ??? + ??????', 7500, 0, '1', 1, 4, '1690186682.png', 1000, 10, 9, 0),
(474, 'ရွှေကွင်း', 'ER - 120', 42, '?????????', 14500, 0, '1', 1, 4, '1690186692.png', 1000, 10, 9, 0),
(475, 'ပုလဲသုံးလုံး', 'ER - 121', 42, '????????????', 13000, 0, '1', 1, 4, '1690186714.png', 1000, 10, 9, 0),
(476, 'နက် + ညို + ကြည်အသစ်ဝင်', 'CP -010', 39, '??? + ??? + ???????????', 2500, 0, '1', 1, 4, '1690186730.png', 1000, 10, 9, 0),
(477, 'ကျောက်ဝါပါ ညှပ်နားကပ်', 'ER - 122', 42, '?????????? ??????????', 13000, 0, '1', 1, 4, '1690186738.png', 1000, 10, 9, 0),
(478, 'ငွေသစ်ခက်ပုလဲပါ Cust', 'ER - 123', 42, '??????????????? Cust', 13000, 0, '1', 1, 4, '1690186758.png', 1000, 10, 9, 0),
(479, 'ရွှေရောင် သံကုပ်', 'CP -011', 39, '????????? ??????', 5500, 0, '1', 1, 4, '1690186777.png', 1000, 10, 9, 0),
(480, 'Cust ပုလဲရွှေ', 'ER - 124', 42, 'Cust ????????', 12500, 0, '1', 1, 4, '1690186777.png', 100, 10, 9, 0),
(481, 'ကတ္တီပါနီ နှင်းဆီနှစ်ပွင့်', 'ER - 125', 42, '????????? ????????????????', 14500, 0, '1', 1, 4, '1690186802.png', 1000, 10, 9, 0),
(482, 'ပန်းပွင့်နီ အလယ်ရွှေပါ', 'ER - 126', 42, '??????????? ??????????', 12500, 0, '1', 1, 4, '1690186825.png', 1000, 10, 9, 0),
(483, 'နားဆွဲရှည်ငွေ', 'ER - 127', 42, '?????????????', 14500, 0, '1', 1, 4, '1690186845.png', 1000, 10, 9, 0),
(484, 'ပုလဲခုနှစ်လုံးစုနားကပ်', 'ER - 128', 42, '??????????????????????', 14500, 0, '1', 1, 4, '1690186866.png', 1000, 10, 9, 0),
(485, 'ပန်းညိုရေညို စိမ်းကုပ်', 'CP -012', 39, '???????????? ?????????', 9500, 0, '1', 1, 4, '1690186867.png', 1000, 10, 9, 0),
(486, 'ပန်းပွင့် ခရမ်းပွင့်ဖက်စိမ်းပုလဲ', 'ER - 129', 42, '????????? ??????????????????????', 14500, 0, '1', 1, 4, '1690186887.png', 1000, 10, 9, 0),
(487, 'အသဲဖြူကွပ်ရွှေ', 'ER - 130', 42, '??????????????', 9500, 0, '1', 1, 4, '1690186907.png', 1000, 10, 9, 0),
(488, 'နှင်းဆီဖြူ ဖဲစိမ်းပါကုပ်', 'CP -013', 39, '?????????? ?????????????', 7500, 0, '1', 1, 4, '1690186923.png', 1000, 10, 9, 0),
(489, 'အနက်ဖဲ ပုလဲတန်း', 'ER - 131', 42, '?????? ????????', 14500, 0, '1', 1, 4, '1690186937.png', 1000, 10, 9, 0),
(490, 'စိန်နှစ်ပွင့် အနက်ဖဲ ကတ္တီပါ', 'ER - 132', 42, '????????????? ?????? ???????', 14500, 0, '1', 1, 4, '1690186961.png', 1000, 10, 9, 0),
(491, 'ပန်းဖြူ အစိမ်းကုပ်', 'CP -014', 39, '??????? ??????????', 9500, 0, '1', 1, 4, '1690186979.png', 1000, 10, 9, 0),
(492, 'လခြမ်းငွေကျောက်ပါ', 'ER - 133', 42, '?????????????????', 14500, 0, '1', 1, 4, '1690186981.png', 1000, 10, 9, 0),
(493, 'နန်းတွင်း နားကပ် ရွှေညှပ်နားကပ်', 'ER - 134', 42, '????????? ?????? ??????????????', 12500, 0, '1', 1, 4, '1690186999.png', 1000, 10, 9, 0),
(494, 'ပုလဲသုံးလုံး အလယ်ကျောက်ပါ', 'ER - 135', 42, '???????????? ????????????', 12500, 0, '1', 1, 4, '1690187020.png', 1000, 10, 9, 0),
(495, 'လခြမ်းပုံရွှေ', 'ER - 136', 42, '?????????????', 12500, 0, '1', 1, 4, '1690187038.png', 1000, 10, 9, 0),
(496, 'ရောင်စုံ ‌ကော်ကုပ်', 'CP -015', 39, '???????? ?????????', 4500, 0, '1', 1, 4, '1690187048.png', 1000, 10, 9, 0),
(497, 'လခြမ်းပုံငွေ', 'ER - 137', 42, '????????????', 12500, 0, '1', 1, 4, '1690187061.png', 1000, 10, 9, 0),
(498, 'အပေါ်‌ရွှေအောက်ပုလဲ နှစ်လုံးတန်းလန်း', 'ER - 061', 42, '??????????????????? ????????????????', 18500, 0, '1', 1, 4, '1690187068.png', 1000, 10, 9, 0),
(499, 'လှေပုံရွှေ', 'ER - 138', 42, '??????????', 12500, 0, '1', 1, 4, '1690187079.png', 1000, 10, 9, 0),
(500, 'မြွေလိမ်ပုံ ရွှေပုလဲတစ်လုံးပါ', 'ER - 062', 42, '??????????? ?????????????????', 15000, 0, '1', 1, 4, '1690187091.png', 1000, 10, 9, 0),
(501, 'ဖဲပွင့်နက်နှစ်ဖက်ပါ ကုပ်အသေး', 'CP -016', 39, '??????????????????? ????????', 5500, 0, '1', 1, 4, '1690187091.png', 1000, 10, 9, 0),
(502, 'ရွှေကွင်းဟ နောက်ပိတ်ကြီး', 'ER - 139', 42, '?????????? ?????????????', 12500, 0, '1', 1, 4, '1690187101.png', 1000, 10, 9, 0),
(503, 'အပေါ်ရွှေ အဝိုင်းအောက်ပုလဲတစ်လုံး 2 way', 'ER - 063', 42, '????????? ??????????????????????? 2 way', 9500, 0, '1', 1, 4, '1690187122.png', 1000, 10, 9, 0),
(504, 'ငွေကွင်းဟ နောက်ပိတ်ကြီး', 'ER - 140', 42, '????????? ?????????????', 12500, 0, '1', 1, 4, '1690187125.png', 1000, 10, 9, 0),
(505, 'သစ်ခက်စိမ်း + ဒေါင်းမြီးသံကုပ်', 'CP -017', 39, '??????????? + ????????????????', 9500, 0, '1', 1, 4, '1690187132.png', 1000, 10, 9, 0),
(506, 'ပုလဲနှစ်လုံး အောက်ရွှေ', 'ER - 064', 42, '???????????? ?????????', 11500, 0, '1', 1, 4, '1690187147.png', 1000, 10, 9, 0),
(507, 'နောက်ဟ နားကွင်းပုံရှည်', 'ER - 141', 42, '?????? ???????????????', 12500, 0, '1', 1, 4, '1690187157.png', 1000, 10, 9, 0),
(508, 'ပုလဲ ရွယ်တူ', 'ER - 065', 42, '???? ??????', 12000, 0, '1', 1, 4, '1690187173.png', 1000, 10, 9, 0),
(509, 'နောက်ဟ နားကွင်းပုံငွေ', 'ER - 142', 42, '?????? ??????????????', 12500, 0, '1', 1, 4, '1690187176.png', 1000, 10, 9, 0),
(510, 'ပုလဲတစ်လုံးကြီး ‌ရွှေညှပ်', 'CP -018', 39, '??????????????? ?????????', 7500, 0, '1', 1, 4, '1690187177.png', 1000, 10, 9, 0),
(511, 'ဖြူပန်း', 'ER - 066', 42, '???????', 9500, 0, '1', 1, 4, '1690187195.png', 1000, 10, 9, 0),
(512, 'ငွေကွင်းထူ', 'ER - 143', 42, '??????????', 12500, 0, '1', 1, 4, '1690187195.png', 1000, 10, 9, 0),
(513, 'ရွှေကွင်းထူ', 'ER - 144', 42, '???????????', 12500, 0, '1', 1, 4, '1690187217.png', 1000, 10, 9, 0),
(514, 'ရွှေဘူးသီး', 'ER - 067', 42, '??????????', 9500, 0, '1', 1, 4, '1690187218.png', 1000, 10, 9, 0),
(515, 'ရွှေကွင်းထူလိမ် အသေး', 'ER - 145', 42, '??????????????? ????', 12500, 0, '1', 1, 4, '1690187235.png', 1000, 10, 9, 0),
(516, 'အသဲပုံ နီကြီး', 'ER - 068', 42, '?????? ??????', 6500, 0, '1', 1, 4, '1690187246.png', 1000, 10, 9, 0),
(517, 'ကျားပါးစပ်ညို + နက်', 'CP -019', 39, '????????????? + ???', 9000, 0, '1', 1, 4, '1690187249.png', 1000, 10, 9, 0),
(518, 'ကြာဖူး', 'ER - 069', 42, '??????', 6500, 0, '1', 1, 4, '1690187280.png', 1000, 10, 9, 0),
(519, 'ငွေကွင်းထူလိမ် အသေး', 'ER - 146', 42, '?????????????? ????', 12500, 0, '1', 1, 4, '1690187294.png', 1000, 10, 9, 0),
(520, 'တြိဂံပုံ ညို +နက်', 'CP -020', 39, '???????? ??? +???', 8000, 0, '1', 1, 4, '1690187299.png', 1000, 10, 9, 0),
(521, 'ပန်းညို', 'ER - 070', 42, '???????', 5500, 0, '1', 1, 4, '1690187313.png', 1000, 10, 9, 0),
(522, 'ပန်းပွင့်ပုံငွေ ပုလဲတစ်လုံးပါ', 'ER - 147', 42, '??????????????? ?????????????', 12500, 0, '1', 1, 4, '1690187324.png', 1000, 10, 9, 0),
(523, 'ပန်းအကြည်နှစ်ထပ်', 'ER - 071', 42, '????????????????', 5500, 0, '1', 1, 4, '1690187338.png', 1000, 10, 9, 0),
(524, 'အသဲပုံ ညို+ နက်', 'CP -021', 39, '?????? ???+ ???', 9500, 0, '1', 1, 4, '1690187345.png', 1000, 10, 9, 0),
(525, 'ဖဲပွင့်နက် / နက်ကွင်း', 'ER - 148', 42, '?????????? / ????????', 12500, 0, '1', 1, 4, '1690187348.png', 1000, 10, 9, 0),
(526, 'အပေါ်အလုံး ပန်းဝါ အောက်ပန်းဝါ', 'ER - 072', 42, '?????????? ?????? ???????????', 15500, 0, '1', 1, 4, '1690187367.png', 1000, 10, 9, 0),
(527, 'ပန်းပွင့်ပေါ်တန်းလန်း Cust', 'ER - 149', 42, '????????????????????? Cust', 14500, 0, '1', 1, 4, '1690187368.png', 1000, 10, 9, 0),
(528, 'ကြိုးနက်ရှည် ပုလဲတန်းလန်း', 'ER - 150', 42, '???????????? ????????????', 14500, 0, '1', 1, 4, '1690187387.png', 1000, 10, 9, 0),
(529, 'ပွင့်ဖတ်စိမ်းပန်းဝါ', 'ER - 073', 42, '???????????????????', 9500, 0, '1', 1, 4, '1690187393.png', 1000, 10, 9, 0),
(530, 'ကြယ်သီး', 'ER - 074', 42, '???????', 5500, 0, '1', 1, 4, '1690187427.png', 1000, 10, 9, 0),
(531, 'ကျောက်ပါညို + နက်', 'CP -022', 39, '??????????? + ???', 7500, 0, '1', 1, 4, '1690187437.png', 1000, 10, 9, 0),
(532, 'အသဲမဲ နှင်းဆီ', 'ER - 075', 42, '????? ???????', 9500, 0, '1', 1, 4, '1690187454.png', 1000, 10, 9, 0),
(533, 'ပုလဲတစ်လုံးကြီး ရွှေညှပ်', 'CP -023', 39, '??????????????? ????????', 7000, 0, '1', 1, 4, '1690187491.png', 1000, 10, 9, 0),
(534, 'ညို / နက်', 'CP -024', 39, '??? / ???', 5500, 0, '1', 1, 4, '1690187543.png', 1000, 10, 9, 0),
(535, 'နှင်းဆီနီ နှစ်ပွင့်', 'ER - 076', 42, '????????? ?????????', 6500, 0, '1', 1, 4, '1690187585.png', 1000, 10, 9, 0),
(536, 'နှင်းဆီပွင့်ပါ သံကုပ်စိမ်း', 'CP -025', 39, '?????????????? ???????????', 9500, 0, '1', 1, 4, '1690187587.png', 1000, 10, 9, 0),
(537, 'ရွှေနားကပ်ကြီး', 'ER - 151', 42, '??????????????', 24500, 0, '1', 1, 4, '1690187589.png', 1000, 10, 9, 0),
(538, 'နားကွင်းထူပိန်', 'ER - 152', 42, '??????????????', 12500, 0, '1', 1, 4, '1690187609.png', 1000, 10, 9, 0),
(539, 'Over နားဆွဲ', 'ER - 077', 42, 'Over ??????', 11500, 0, '1', 1, 4, '1690187619.png', 1000, 10, 9, 0),
(540, 'လက်ဝါးကပ်တိုင်ငွေကျောက်ပါ', 'ER - 153', 42, '?????????????????????????', 14500, 0, '1', 1, 4, '1690187628.png', 1000, 10, 9, 0),
(541, 'လူခေါင်းမဲ', 'ER - 078', 36, '??????????', 9500, 0, '1', 1, 4, '1690187643.png', 1000, 10, 9, 0),
(542, 'ကျောက်ဝါပါ နားကပ်', 'ER - 154', 42, '?????????? ??????', 13000, 0, '1', 1, 4, '1690187652.png', 1000, 10, 9, 0),
(543, 'ပုလဲတစ်လုံးကြီး နားကပ်', 'ER - 155', 42, '??????????????? ??????', 14500, 0, '1', 1, 4, '1690187671.png', 1000, 10, 9, 0),
(544, 'ရွှေဘဲဥ', 'ER - 079', 42, '???????', 13500, 0, '1', 1, 4, '1690187675.png', 1000, 10, 9, 0),
(545, 'နားကွင်းရွှေတစ်ဖက် အပြာတစ်ဖက်', 'ER - 156', 42, '?????????????????? ??????????', 12500, 0, '1', 1, 4, '1690187690.png', 1000, 10, 9, 0),
(546, 'ကတ္တီပါ ဖဲမဲ ပုလဲတစ်လုံး', 'ER - 157', 42, '??????? ???? ???????????', 9500, 0, '1', 1, 4, '1690187711.png', 1000, 10, 9, 0),
(547, 'ငွေဘဲဥ', 'ER - 080', 42, '??????', 13500, 0, '1', 1, 4, '1690187726.png', 1000, 10, 9, 0),
(548, 'မြွေလိပ်ပုံ နားကပ်ရွှေ', 'ER - 158', 42, '??????????? ??????????', 19500, 0, '1', 1, 4, '1690187729.png', 1000, 10, 9, 0),
(549, 'ဖဲစိမ်း ပန်းဖြူပါ', 'CP -026', 39, '??????? ?????????', 5500, 0, '1', 1, 4, '1690187734.png', 1000, 10, 9, 0),
(550, 'နှင်းပွင့်ရှည် နားဆွဲတန်းလန်း', 'ER - 159', 42, '?????????????? ??????????????', 19500, 0, '1', 1, 4, '1690187748.png', 1000, 10, 9, 0),
(551, 'ငွေလေးထောင့်', 'ER - 081', 42, '????????????', 15500, 0, '1', 1, 4, '1690187756.png', 1000, 10, 9, 0),
(552, 'ချယ်ရီသီး ပုလဲစု နှစ်စု', 'ER - 160', 42, '????????? ?????? ??????', 14500, 0, '1', 1, 4, '1690187766.png', 1000, 10, 9, 0),
(553, 'ဝက်ဝံရုပ်', 'ER - 082', 42, '?????????', 5500, 0, '1', 1, 4, '1690187782.png', 1000, 10, 9, 0),
(554, 'ပုလဲညှပ် တန်းလန်း', 'ER - 161', 42, '???????? ????????', 7500, 0, '1', 1, 4, '1690187784.png', 1000, 10, 9, 0),
(555, 'ညိ + အသား', 'CP -027', 39, '?? + ????', 3000, 0, '1', 1, 4, '1690187795.png', 1000, 10, 9, 0),
(556, 'ဖဲပွင့်ပုလဲ အောက်ပုလဲတစ်လုံးပါ', 'ER - 162', 42, '??????????? ??????????????????', 12500, 0, '1', 1, 4, '1690187812.png', 1000, 10, 9, 0),
(557, 'ပွင့်ဖတ်ပန်း‌ရောင်', 'ER - 083', 42, '??????????????????', 17500, 0, '1', 1, 4, '1690187825.png', 1000, 10, 9, 0),
(558, 'ရွှေချောင်းပုံ', 'ER - 163', 42, '??????????????', 14500, 0, '1', 1, 4, '1690187830.png', 1000, 10, 9, 0),
(559, 'ခရမ်းကျောက်နားဆွဲ', 'ER - 084', 42, '?????????????????', 17500, 0, '1', 1, 4, '1690187848.png', 1000, 10, 9, 0),
(560, 'မြွေပုံ', 'ER - 164', 42, '???????', 8500, 0, '1', 1, 4, '1690187850.png', 1000, 10, 9, 0),
(561, 'ပန်းမဲ ကျောက်မဲ', 'ER - 085', 42, '?????? ????????', 17500, 0, '1', 1, 4, '1690187886.png', 1000, 10, 9, 0),
(562, 'ကြောင်ပါနက်', 'ER - 165', 42, '???????????', 9500, 0, '1', 1, 4, '1690187890.png', 1000, 10, 9, 0),
(563, 'နှင်းဆီနက် မြွေပါ', 'ER - 086', 42, '?????????? ??????', 15500, 0, '1', 1, 4, '1690187907.png', 1000, 10, 9, 0),
(564, 'နှင်းဆီငွေ cust', 'ER - 166', 42, '?????????? cust', 14000, 0, '1', 1, 4, '1690187911.png', 1000, 10, 9, 0),
(565, 'အသဲဖြူကြီး ရွှေကွင်း', 'ER - 087', 42, '?????????? ?????????', 13500, 0, '1', 1, 4, '1690187929.png', 1000, 10, 9, 0),
(566, 'လိပ်ပြာပုံနက်ပါ', 'ER - 167', 42, '???????????????', 12500, 0, '1', 1, 4, '1690187931.png', 1000, 10, 9, 0),
(567, 'ဖဲမဲပုလဲကျောက်ရံ', 'ER - 168', 42, '????????????????', 17500, 0, '1', 1, 4, '1690187955.png', 1000, 10, 9, 0),
(568, 'ဖဲအသားပုလဲစီညှပ်', 'CP -028', 39, '????????????????', 7500, 0, '1', 1, 4, '1690187955.png', 1000, 10, 9, 0),
(569, 'ရွှေပုလဲ နှစ်လုံး 2 way', 'ER - 088', 42, '???????? ???????? 2 way', 16500, 0, '1', 1, 4, '1690187959.png', 1000, 10, 9, 0),
(570, 'ငွေ + ရွှေ', 'ER - 169', 42, '??? + ????', 15000, 0, '1', 1, 4, '1690187977.png', 1000, 10, 9, 0),
(571, 'တစ်ဖက်ကြယ် တစ်ဖက်သစ်ခက်', 'ER - 089', 42, '?????????? ????????????', 19000, 0, '1', 1, 4, '1690187987.png', 1000, 10, 9, 0),
(572, 'ငွေ', 'ER - 170', 42, '???', 9500, 0, '1', 1, 4, '1690187996.png', 1000, 10, 9, 0),
(573, 'ပန်းညိုကြီး / ပန်းဖြူကြီး', 'CP -029', 39, '??????????? / ???????????', 3000, 0, '1', 1, 4, '1690188008.png', 1000, 10, 9, 0),
(574, 'သစ်ခက်ပုံ ပုလဲနှစ်ခု', 'ER - 090', 42, '????????? ??????????', 18500, 0, '1', 1, 4, '1690188013.png', 1000, 10, 9, 0),
(575, 'ပုလဲကွင်းသေး', 'ER - 091', 42, '????????????', 12000, 0, '1', 1, 4, '1690188038.png', 1000, 10, 9, 0),
(576, 'နှင်းဆီနှစ်ပွင့်ပါ pg ကုပ်', 'CP -030', 39, '?????????????????? pg ????', 9500, 0, '1', 1, 4, '1690188051.png', 1000, 10, 9, 0),
(577, 'ရွှေရောင်ပုလဲသုံးလုံး', 'ER - 171', 42, '?????????????????????', 14500, 0, '1', 1, 4, '1690188059.png', 1000, 10, 9, 0),
(578, 'ဘဲပါငွေ', 'ER - 092', 42, '???????', 12000, 0, '1', 1, 4, '1690188060.png', 1000, 10, 9, 0),
(579, 'ပုလဲတစ်လုံး ရွှေပွင့်ဖတ်ဖြူပါ', 'ER - 172', 42, '??????????? ?????????????????', 14500, 0, '1', 1, 4, '1690188077.png', 1000, 10, 9, 0),
(580, 'ငွေအဝိုင်းအလယ် ငွေချောင်းပါ', 'ER - 093', 42, '?????????????? ????????????', 12000, 0, '1', 1, 4, '1690188084.png', 1000, 10, 9, 0),
(581, 'သစ်သားသံကုပ်', 'CP -031', 39, '????????????', 7500, 0, '1', 1, 4, '1690188090.png', 1000, 10, 9, 0),
(582, 'နားဆွဲရှည် Cust', 'ER - 173', 42, '?????????? Cust', 14500, 0, '1', 1, 4, '1690188097.png', 1000, 10, 9, 0),
(583, 'ပန်းလေးပွင့် လိမ္မော် + အစိမ်း', 'ER - 094', 42, '???????????? ???????? + ??????', 9500, 0, '1', 1, 4, '1690188109.png', 1000, 10, 9, 0),
(584, 'အသဲပုံ ရောင်စုံ', 'ER - 174', 42, '?????? ????????', 9500, 0, '1', 1, 4, '1690188116.png', 1000, 10, 9, 0),
(585, 'ပုလဲသုံးလုံး ကျောက်အသေးနှစ်ပွင့်ပါ', 'ER - 175', 42, '???????????? ?????????????????????', 14500, 0, '1', 1, 4, '1690188134.png', 1000, 10, 9, 0),
(586, 'Opposite', 'ER - 095', 42, 'Opposite', 12000, 0, '1', 1, 4, '1690188139.png', 1000, 10, 9, 0),
(587, 'ငှက်မွှေးပါကုပ်နက်', 'CP -032', 39, '??????????????????', 14500, 0, '1', 1, 4, '1690188155.png', 1000, 10, 9, 0),
(588, 'ကျောက်စိမ်းပါ လေးထောင့်နားကွင်း', 'ER - 176', 42, '????????????? ?????????????????', 18500, 0, '1', 1, 4, '1690188157.png', 1000, 10, 9, 0),
(589, 'ဖဲငွေ opposite', 'ER - 096', 42, '????? opposite', 12000, 0, '1', 1, 4, '1690188168.png', 1000, 10, 9, 0),
(590, 'ကျောက်ဝါ ပန်းပွင့်ပုံ', 'ER - 177', 42, '???????? ????????????', 14500, 0, '1', 1, 4, '1690188175.png', 1000, 10, 9, 0),
(591, 'ပုလဲတန်းတစ်ဖက် Cust', 'ER - 097', 42, '?????????????? Cust', 18500, 0, '1', 1, 4, '1690188191.png', 1000, 10, 9, 0),
(592, 'ပုလဲနှစ်လုံး ကျောက်ဝါပါ ညှပ်နားကပ်', 'ER - 178', 42, '???????????? ?????????? ??????????', 22000, 0, '1', 1, 4, '1690188193.png', 1000, 10, 9, 0),
(593, 'လခြမ်းပုံ ရွှေညှပ်နားကပ်', 'ER - 179', 42, '????????? ??????????????', 16500, 0, '1', 1, 4, '1690188211.png', 1000, 10, 9, 0),
(594, 'ပန်းပွင့်ရွှေကျောက်ပါ Cust', 'ER - 098', 42, '????????????????????? Cust', 7500, 0, '1', 1, 4, '1690188214.png', 1000, 10, 9, 0),
(595, 'လခြမ်းပုံ ငွေညှပ်နားကပ်', 'ER - 180', 42, '????????? ?????????????', 16500, 0, '1', 1, 4, '1690188228.png', 1000, 10, 9, 0),
(596, 'အပေါ်ရွှေအောက်ပုလဲ 2 way', 'ER - 099', 42, '?????????????????? 2 way', 9500, 0, '1', 1, 4, '1690188240.png', 1000, 10, 9, 0),
(597, 'ငှက်မွှေးပါကုပ်ဖြူ', 'CP -033', 39, '??????????????????', 14500, 0, '1', 1, 4, '1690188260.png', 1000, 10, 9, 0),
(598, 'အောက်ပုလဲကြီး အပေါ်ပုလဲသေး', 'ER - 100', 42, '????????????? ????????????', 13500, 0, '1', 1, 4, '1690188266.png', 1000, 10, 9, 0),
(599, 'ကိုလံဘီယာငါးခု ပုလဲစုတန်းလန်း', 'ER - 181	', 42, '?????????????? ??????????????', 22000, 0, '1', 1, 4, '1690188283.png', 1000, 10, 9, 0),
(600, 'ပန်းပွင့်ခရမ်းတစ်ခု ရွှေပန်းတစ်ခု', 'ER - 182', 42, '??????????????????? ?????????????', 0, 0, '1', 1, 4, '1690188311.png', 1000, 10, 9, 0),
(601, 'CELIN', 'CP - 001', 39, 'CELIN', 5500, 0, '1', 1, 4, '1690188322.png', 1000, 10, 9, 0),
(602, 'ဖဲပြားပါ ပုလဲဝိုင်းကျောက်တစ်လုံးစီ', 'ER - 183', 42, '???????? ?????????????????????????', 12500, 0, '1', 1, 4, '1690188381.png', 1000, 10, 9, 0),
(603, 'ဖဲမဲပေါ် ပုလဲတစ်လုံးတစ်စုံ', 'CP - 002', 39, '???????? ?????????????????', 5500, 0, '1', 1, 4, '1690188390.png', 1000, 10, 9, 0),
(604, 'လေးထောင့်ရွှေကွင်း', 'ER - 184', 42, '??????????????????', 12500, 0, '1', 1, 4, '1690188404.png', 1000, 10, 9, 0),
(605, 'ဖဲမဲပေါ် ပုလဲငါးလုံး', 'CP - 003', 39, '???????? ???????????', 7500, 0, '1', 1, 4, '1690188433.png', 1000, 10, 9, 0),
(606, 'လေးထောင့်ငွေကွင်း', 'ER - 185', 42, '?????????????????', 12500, 0, '1', 1, 4, '1690188434.png', 1000, 10, 9, 0),
(607, 'အပေါ်ရွှေ အောက်ပုလဲမဲ', 'ER - 186', 42, '????????? ???????????', 12500, 0, '1', 1, 4, '1690188454.png', 1000, 10, 9, 0),
(608, 'ဖဲမဲပေါ် ပုလဲတစ်လုံး', 'CP - 004', 39, '???????? ???????????', 7500, 0, '1', 1, 4, '1690188464.png', 1000, 10, 9, 0),
(609, 'ရွှေကွင်း မုန့်ကြိုးလိမ်', 'ER - 187', 42, '????????? ??????????????', 12500, 0, '1', 1, 4, '1690188475.png', 1000, 10, 9, 0),
(610, 'အပေါ်ရွှေလုံး အောက်ပုလဲလုံး', 'ER - 188', 42, '????????????? ?????????????', 12500, 0, '1', 1, 4, '1690188494.png', 1000, 10, 9, 0),
(611, 'ဖဲမဲပေါ် ပုလဲ + ကျောက်', 'CP - 005', 39, '???????? ???? + ??????', 8500, 0, '1', 1, 4, '1690188507.png', 1000, 10, 9, 0),
(612, 'လိပ်ပြာခရမ်းကျောက် အဝိုင်းပါငွေ', 'ER - 189', 42, '?????????????????? ????????????', 12500, 0, '1', 1, 4, '1690188516.png', 1000, 10, 9, 0),
(613, 'ဖဲပန်းရောင် ကြိုးတန်းလန်းပါ', 'ER - 190', 42, '??????????? ???????????????', 12500, 0, '1', 1, 4, '1690188537.png', 1000, 10, 9, 0),
(614, 'ကျောက်တစ်ပွင့် အသဲတန်းလန်းပါငွေ', 'ER - 191', 42, '?????????????? ????????????????', 12500, 0, '1', 1, 4, '1690188572.png', 1000, 10, 9, 0),
(615, 'ဖဲမဲပုလဲ ဘဲဥ သုံးလုံးပါ', 'CP - 006', 39, '???????? ??? ??????????', 7500, 0, '1', 1, 4, '1690188580.png', 1000, 10, 9, 0),
(616, 'ရွှေကွင်းပုလဲပါ ကွင်းကြီး', 'ER - 192', 42, '??????????????? ?????????', 15500, 0, '1', 1, 4, '1690188591.png', 1000, 10, 9, 0),
(617, 'အပေါ်ဖဲပွင့် အောက်အဝိုင်းပုလဲပါ', 'ER - 193', 42, '???????????? ??????????????????', 15500, 0, '1', 1, 4, '1690188615.png', 1000, 10, 9, 0),
(618, 'ဖဲပွင့် လိပ်ပြာကျောက်ပါရွှေ', 'ER - 194', 42, '??????? ???????????????????', 15500, 0, '1', 1, 4, '1690188635.png', 1000, 10, 9, 0),
(619, 'လိပ်ပြာပုံ ပုလဲတန်းလန်း', 'ER - 195', 42, '?????????? ????????????', 15500, 0, '1', 1, 4, '1690188657.png', 1000, 10, 9, 0),
(620, 'ရွှေ‌ရောင်ဖဲ ကလစ်အသေး', 'CP - 007', 39, '???????????? ????????', 6500, 0, '1', 1, 4, '1690188659.png', 1000, 10, 9, 0),
(621, 'ကျောက်ဝါ နှစ်ခုပါ ရွှေတစ်ဝက်', 'ER - 196', 42, '???????? ???????? ??????????', 15500, 0, '1', 1, 4, '1690188677.png', 1000, 10, 9, 0),
(622, 'ဖဲကတ္တီပါ ကလစ်သေးစုံ', 'CP - 008', 39, '????????? ??????????', 3000, 0, '1', 1, 4, '1690188694.png', 1000, 10, 9, 0),
(623, 'ကျောက်တစ်ပွင့် ရွှေတန်းလန်းသုံးခု', 'ER - 197', 42, '?????????????? ??????????????????', 15500, 0, '1', 1, 4, '1690188697.png', 1000, 10, 9, 0),
(624, 'ကွင်းကြီးကျောက်ပါ ကွင်းသေးအဖြူ', 'ER - 198', 42, '????????????????? ????????????', 18500, 0, '1', 1, 4, '1690188717.png', 1000, 10, 9, 0),
(625, 'ရွှေတစ်ချောင်း', 'CP - 009', 39, '??????????????', 2500, 0, '1', 1, 4, '1690188731.png', 1000, 10, 9, 0),
(626, 'ကွင်းပုလဲဘေး ကျောက်ပါပန်းပုံ', 'ER - 199', 42, '???????????? ???????????????', 18500, 0, '1', 1, 4, '1690188737.png', 1000, 10, 9, 0),
(627, 'သစ်ခက်ကျောက်ပါ‌ရွှေ', 'ER - 200', 42, '???????????????????', 18500, 0, '1', 1, 4, '1690188757.png', 1000, 10, 9, 0),
(628, 'ကလစ်', 'CP - 010', 39, '????', 6500, 0, '1', 1, 4, '1690188775.png', 1000, 10, 9, 0),
(629, 'တစ်ဖက်ဖြူ တစ်ဖက်ကျောက်ပါလေးထောင့်', 'ER - 201', 42, '????????? ???????????????????????', 18500, 0, '1', 1, 4, '1690188776.png', 1000, 10, 9, 0),
(630, '‌ဒေါင်းပုံ ခရမ်းနားဆွဲတန်းလန်း', 'ER - 202', 42, '?????????? ???????????????????', 23000, 0, '1', 1, 4, '1690188793.png', 1000, 10, 9, 0),
(631, 'ပုလဲတန်းရှည်ကြီး', 'CP - 011', 39, '????????????????', 3500, 0, '1', 1, 4, '1690188829.png', 1000, 10, 9, 0),
(632, 'ပုလဲတန်းအသေး', 'CP - 012', 39, '????????????', 3500, 0, '1', 1, 4, '1690188905.png', 1000, 10, 9, 0),
(633, 'ပုလဲကြားကျောက်ပါ', 'CP - 013', 39, '????????????????', 3500, 0, '1', 1, 4, '1690188942.png', 1000, 10, 9, 0),
(634, 'ကျောက်တန်း', 'CP - 014', 39, '??????????', 3500, 0, '1', 1, 4, '1690189008.png', 1000, 10, 9, 0),
(635, 'ငွေရောင်ဖဲပြာ + သံကလစ်', 'CP - 015', 39, '????????????? + ??????', 4500, 0, '1', 1, 4, '1690189042.png', 1000, 10, 9, 0),
(636, 'ငွေရောင်ဖဲ သံကလစ်', 'CP - 016', 39, '?????????? ??????', 4500, 0, '1', 1, 4, '1690189081.png', 1000, 10, 9, 0),
(637, 'အညိုကလစ် (Hand made)', 'CP - 017', 39, '???????? (Hand made)', 2000, 0, '1', 1, 4, '1690189124.png', 1000, 10, 9, 0),
(638, 'ရောင်စုံ', 'CP - 018', 39, '????????', 2000, 0, '1', 1, 4, '1690189163.png', 1000, 10, 9, 0),
(639, 'ယုန်ထောင် / ဖြူ +နက်', 'CP - 019', 39, '????????? / ??? +???', 4500, 0, '1', 1, 4, '1690189201.png', 1000, 10, 9, 0),
(640, 'အသဲပုံ ကလစ် (ပန်း + ပြာ + ဖြူ)', 'CP - 020', 36, '?????? ???? (???? + ??? + ???)', 2500, 0, '1', 1, 4, '1690189232.png', 1000, 10, 9, 0),
(641, 'Doirကလစ်', 'CP - 021', 39, 'Doir????', 6500, 0, '1', 1, 4, '1690189279.png', 1000, 10, 9, 0),
(642, 'အရောင်တူသုံးချောင်း', 'CP - 022', 39, '???????????????????', 4500, 0, '1', 1, 4, '1690189315.png', 1000, 10, 9, 0),
(643, 'နှင်းဆီဖြူ ဖဲမဲပါပုလဲတန်း', 'CP - 023', 39, '?????????? ??????????????', 6500, 0, '1', 1, 4, '1690189351.png', 1000, 10, 9, 0),
(644, 'ကလစ်', 'CP - 024', 36, '????', 3500, 0, '1', 1, 4, '1690189391.png', 1000, 10, 9, 0),
(645, 'စုံပန်းပွင့် ကလစ် ပန်းနု + ရင့်', 'CP - 025', 39, '???????????? ???? ?????? + ????', 3500, 0, '1', 1, 4, '1690189482.png', 1000, 10, 9, 0),
(646, 'ရွှေ‌ေရာင်', 'CP - 026', 39, '??????????', 3500, 0, '1', 1, 4, '1690189566.png', 1000, 10, 9, 0),
(647, 'ငွေရောင်', 'CP - 027', 39, '????????', 3500, 0, '1', 1, 4, '1690189616.png', 1000, 10, 9, 0),
(648, 'ငွေသေး', 'CP - 028', 39, '??????', 3500, 0, '1', 1, 4, '1690189660.png', 1000, 10, 9, 0),
(649, 'ဖဲဖြူကြိုးစိမ်းရှည်ပါ', 'CP - 029', 39, '?????????????????????', 5500, 0, '1', 1, 4, '1690189713.png', 1000, 10, 9, 0),
(650, 'ပန်းပွင့်ပုံ အကြီး', 'CP - 030', 39, '???????????? ?????', 2500, 0, '1', 1, 4, '1690189765.png', 998, 10, 9, 0),
(651, 'ဆယ်ချောင်းပါကဒ်', 'CP - 031', 39, '???????????????', 1000, 0, '1', 1, 4, '1690189810.png', 998, 10, 9, 0),
(652, 'ပုလဲကလစ်အသေး', 'CP - 032', 39, '????????????', 4500, 0, '1', 1, 4, '1690189855.png', 998, 10, 9, 0),
(653, 'အမွှေးနုစုံ ကလစ် အသေး', 'CP - 033', 39, '??????????? ???? ????', 5000, 0, '1', 1, 4, '1690189909.png', 999, 10, 9, 0),
(654, 'ထူနီ /ပန်း', 'CP - 034', 39, '???? /????', 5500, 0, '1', 1, 4, '1690189944.png', 1000, 10, 9, 0),
(655, 'ကတ္တီပါ ဖဲသေးတစ်စုံ', 'CP - 035', 39, '??????? ???????????', 4500, 0, '1', 1, 4, '1690189982.png', 1000, 10, 9, 0),
(656, 'ငှက်နှူတ်သီးကလစ်ရောင်စုံ *  2', 'CP - 036', 39, '???????????????????????? *  2', 1500, 0, '1', 1, 4, '1690190030.png', 998, 10, 9, 0),
(657, 'Handmade စုံ ကလစ်ရောင်စုံ', 'CP - 037', 39, 'Handmade ??? ????????????', 4500, 0, '1', 1, 4, '1690190073.png', 998, 10, 9, 0),
(658, 'ဆံထိုးငွေ', 'CP - 038', 39, '?????????', 3500, 0, '1', 1, 4, '1690190116.png', 997, 10, 9, 0),
(659, 'စုံဖန်စီတံဆိပ်ပါ ', 'CP - 040', 39, '???????????????? ', 3500, 0, '1', 1, 4, '1690190163.png', 999, 10, 9, 0),
(660, 'စုံဖန်စီ', 'CP - 041', 39, '????????', 3500, 0, '1', 1, 4, '1690190196.png', 1000, 10, 9, 0),
(661, 'ရော်ဘာသားရောင်စုံ', 'CP - 042', 39, '?????????????????', 1500, 0, '1', 1, 4, '1690190230.png', 1000, 10, 9, 0),
(662, 'ရွှေသေး', 'CP - 043', 39, '???????', 3500, 0, '1', 1, 4, '1690190319.png', 997, 10, 9, 0),
(663, 'CLINE ကလစ်', 'CP - 044', 39, 'CLINE ????', 4500, 0, '1', 1, 4, '1690190388.png', 998, 10, 9, 0),
(664, 'Smile + ပန်းကလစ်', 'CP - 045', 39, 'Smile + ????????', 4500, 0, '1', 1, 4, '1690190454.png', 996, 10, 9, 0),
(665, 'ရောင်စုံ သုံးချောင်း', 'CP - 046', 39, '???????? ???????????', 6000, 0, '1', 1, 4, '1690190467.png', 996, 10, 9, 0),
(666, 'ဖန်သီးငါးလုံးပါ ကလစ်', 'CP - 047', 39, '??????????????? ????', 6000, 0, '1', 1, 4, '1690190530.png', 998, 10, 9, 0),
(681, 'product testing', '11203', 43, '-', 1000, 0, '100', 100, 0, '1690281553.png', 999, 10, 9, 0);

-- --------------------------------------------------------

--
-- Table structure for table `product_category`
--

CREATE TABLE `product_category` (
  `product_category_id` int NOT NULL,
  `product_category_name` varchar(255) CHARACTER SET utf8mb4 COLLATE utf8mb4_unicode_ci NOT NULL,
  `shop_id` int NOT NULL,
  `owner_id` int NOT NULL
) ENGINE=MyISAM DEFAULT CHARSET=latin1;

--
-- Dumping data for table `product_category`
--

INSERT INTO `product_category` (`product_category_id`, `product_category_name`, `shop_id`, `owner_id`) VALUES
(1, 'Mobile', 1, 1),
(2, 'Remote desktop', 0, 0),
(3, 'Food & Drink', 0, 0),
(4, 'Medicine', 0, 0),
(5, 'vegetable', 0, 0),
(11, 'Macbook', 1, 1),
(9, 'Fish ', 0, 0),
(12, 'House & Home', 1, 1),
(19, 'Baby food', 0, 0),
(20, 'Grocery', 0, 0),
(21, 'Food', 0, 0),
(22, 'Headphone', 0, 0),
(23, 'Bike', 0, 0),
(25, 'Test', 2, 1),
(26, 'Foods', 1, 1),
(27, 'Foods', 8, 7),
(28, 'Drinks', 8, 7),
(29, 'Electrocnics', 8, 7),
(30, 'Toys', 8, 7),
(31, 'PEPSI', 6, 6),
(32, 'COCA COLA', 6, 6),
(33, 'NESTLE', 6, 6),
(34, 'Banking Solution', 9, 8),
(35, 'test', 10, 10),
(36, 'လက်စွပ်', 10, 9),
(37, 'RC', 10, 9),
(38, 'SC', 10, 9),
(39, 'ကလစ်', 10, 9),
(40, 'စကုပ်', 10, 9),
(41, 'ဆွဲကြိုး', 10, 9),
(42, 'နားကပ်', 10, 9),
(43, 'ရင်ထိုး', 10, 9),
(44, 'လက်ပတ်', 10, 9);

-- --------------------------------------------------------

--
-- Table structure for table `shop`
--

CREATE TABLE `shop` (
  `shop_id` int NOT NULL,
  `shop_name` varchar(255) CHARACTER SET utf8mb4 COLLATE utf8mb4_unicode_ci NOT NULL,
  `shop_contact` varchar(255) NOT NULL,
  `shop_email` varchar(255) NOT NULL,
  `shop_address` varchar(255) NOT NULL,
  `currency_symbol` varchar(20) NOT NULL,
  `shop_status` varchar(255) NOT NULL,
  `shop_owner_id` int NOT NULL
) ENGINE=MyISAM DEFAULT CHARSET=latin1;

--
-- Dumping data for table `shop`
--

INSERT INTO `shop` (`shop_id`, `shop_name`, `shop_contact`, `shop_email`, `shop_address`, `currency_symbol`, `shop_status`, `shop_owner_id`) VALUES
(10, 'Hmm shop', '09-145352377', 'shop@gmail.com', 'No-1234', 'Ks', 'OPEN', 9),
(16, 'JSqure', '097786543', 'kyawswarthantmdy@gmail.com', '#835, Danatheikdi Str,', 'Ks', 'OPEN', 9),
(18, 'Myan Plaza', '09789456123', 'plaza@gmail.com', 'ass', '', 'OPEN', 9);

-- --------------------------------------------------------

--
-- Table structure for table `suppliers`
--

CREATE TABLE `suppliers` (
  `suppliers_id` int NOT NULL,
  `suppliers_name` varchar(255) CHARACTER SET utf8mb4 COLLATE utf8mb4_unicode_ci NOT NULL,
  `suppliers_contact_person` varchar(255) CHARACTER SET utf8mb4 COLLATE utf8mb4_unicode_ci NOT NULL,
  `suppliers_cell` varchar(255) NOT NULL,
  `suppliers_email` varchar(255) NOT NULL,
  `suppliers_address` varchar(255) NOT NULL,
  `shop_id` int NOT NULL,
  `owner_id` int NOT NULL,
  `timestamp` timestamp NOT NULL DEFAULT CURRENT_TIMESTAMP ON UPDATE CURRENT_TIMESTAMP
) ENGINE=MyISAM DEFAULT CHARSET=latin1;

--
-- Dumping data for table `suppliers`
--

INSERT INTO `suppliers` (`suppliers_id`, `suppliers_name`, `suppliers_contact_person`, `suppliers_cell`, `suppliers_email`, `suppliers_address`, `shop_id`, `owner_id`) VALUES
(4, 'Shwe sin yaminasdf', 'asdf', '09448013922asdf', 'contacts@hostmyanmar.net', '#835, Danatheikdi Str,Ygn', 0, 9);

-- --------------------------------------------------------

--
-- Table structure for table `users`
--

CREATE TABLE `users` (
  `id` int NOT NULL,
  `name` varchar(255) CHARACTER SET utf8mb4 COLLATE utf8mb4_unicode_ci NOT NULL,
  `cell` varchar(255) NOT NULL,
  `email` varchar(255) NOT NULL,
  `password` varchar(255) NOT NULL,
  `user_type` varchar(255) NOT NULL,
  `shop_id` int NOT NULL,
  `owner_id` int NOT NULL
) ENGINE=MyISAM DEFAULT CHARSET=latin1;

--
-- Dumping data for table `users`
--

INSERT INTO `users` (`id`, `name`, `cell`, `email`, `password`, `user_type`, `shop_id`, `owner_id`) VALUES
(8, 'Admin', '123456789', 'admin@gmail.com', '123456', 'admin', 1, 1),
(16, 'User1', '123456', 'user1@mail.com', '123456', 'staff', 10, 9),
(17, 'User2', '12345679', 'user2@mail.com', '456789', 'staff', 11, 9),
(18, 'Manager', '0945788577', 'manager@mail.com', '123456', 'admin', 10, 9),
(19, 'Sales User1', '123123123', 'sales1@mail.com', '123456', 'staff', 10, 9),
(26, 'user4', '09777888999', 'user4@mail.com', '1234', 'staff', 16, 9);

-- --------------------------------------------------------

--
-- Table structure for table `weight_unit`
--

CREATE TABLE `weight_unit` (
  `weight_unit_id` int NOT NULL,
  `weight_unit_name` varchar(255) NOT NULL
) ENGINE=MyISAM DEFAULT CHARSET=latin1;

--
-- Dumping data for table `weight_unit`
--

INSERT INTO `weight_unit` (`weight_unit_id`, `weight_unit_name`) VALUES
(1, 'g'),
(2, 'Kg'),
(3, 'L'),
(4, 'pcs'),
(5, 'ml');

--
-- Indexes for dumped tables
--

--
-- Indexes for table `admin`
--
ALTER TABLE `admin`
  ADD PRIMARY KEY (`admin_id`),
  ADD UNIQUE KEY `admin_email` (`admin_email`);

--
-- Indexes for table `customers`
--
ALTER TABLE `customers`
  ADD PRIMARY KEY (`customer_id`);

--
-- Indexes for table `expense`
--
ALTER TABLE `expense`
  ADD PRIMARY KEY (`expense_id`);

--
-- Indexes for table `order_details`
--
ALTER TABLE `order_details`
  ADD PRIMARY KEY (`order_details_id`);

--
-- Indexes for table `order_list`
--
ALTER TABLE `order_list`
  ADD PRIMARY KEY (`order_id`),
  ADD UNIQUE KEY `invoice_id` (`invoice_id`);

--
-- Indexes for table `owner`
--
ALTER TABLE `owner`
  ADD PRIMARY KEY (`owner_id`),
  ADD UNIQUE KEY `owner_email` (`owner_email`);

--
-- Indexes for table `products`
--
ALTER TABLE `products`
  ADD PRIMARY KEY (`product_id`);

--
-- Indexes for table `product_category`
--
ALTER TABLE `product_category`
  ADD PRIMARY KEY (`product_category_id`);

--
-- Indexes for table `shop`
--
ALTER TABLE `shop`
  ADD PRIMARY KEY (`shop_id`);

--
-- Indexes for table `suppliers`
--
ALTER TABLE `suppliers`
  ADD PRIMARY KEY (`suppliers_id`);

--
-- Indexes for table `users`
--
ALTER TABLE `users`
  ADD PRIMARY KEY (`id`);

--
-- Indexes for table `weight_unit`
--
ALTER TABLE `weight_unit`
  ADD PRIMARY KEY (`weight_unit_id`);

--
-- AUTO_INCREMENT for dumped tables
--

--
-- AUTO_INCREMENT for table `admin`
--
ALTER TABLE `admin`
  MODIFY `admin_id` int NOT NULL AUTO_INCREMENT, AUTO_INCREMENT=2;

--
-- AUTO_INCREMENT for table `customers`
--
ALTER TABLE `customers`
  MODIFY `customer_id` int NOT NULL AUTO_INCREMENT, AUTO_INCREMENT=2;

--
-- AUTO_INCREMENT for table `expense`
--
ALTER TABLE `expense`
  MODIFY `expense_id` int NOT NULL AUTO_INCREMENT, AUTO_INCREMENT=2;

--
-- AUTO_INCREMENT for table `order_details`
--
ALTER TABLE `order_details`
  MODIFY `order_details_id` int NOT NULL AUTO_INCREMENT, AUTO_INCREMENT=57;

--
-- AUTO_INCREMENT for table `order_list`
--
ALTER TABLE `order_list`
  MODIFY `order_id` int NOT NULL AUTO_INCREMENT, AUTO_INCREMENT=22;

--
-- AUTO_INCREMENT for table `owner`
--
ALTER TABLE `owner`
  MODIFY `owner_id` int NOT NULL AUTO_INCREMENT, AUTO_INCREMENT=10;

--
-- AUTO_INCREMENT for table `products`
--
ALTER TABLE `products`
  MODIFY `product_id` int NOT NULL AUTO_INCREMENT, AUTO_INCREMENT=683;

--
-- AUTO_INCREMENT for table `product_category`
--
ALTER TABLE `product_category`
  MODIFY `product_category_id` int NOT NULL AUTO_INCREMENT, AUTO_INCREMENT=45;

--
-- AUTO_INCREMENT for table `shop`
--
ALTER TABLE `shop`
  MODIFY `shop_id` int NOT NULL AUTO_INCREMENT, AUTO_INCREMENT=19;

--
-- AUTO_INCREMENT for table `suppliers`
--
ALTER TABLE `suppliers`
  MODIFY `suppliers_id` int NOT NULL AUTO_INCREMENT, AUTO_INCREMENT=6;

--
-- AUTO_INCREMENT for table `users`
--
ALTER TABLE `users`
  MODIFY `id` int NOT NULL AUTO_INCREMENT, AUTO_INCREMENT=27;

--
-- AUTO_INCREMENT for table `weight_unit`
--
ALTER TABLE `weight_unit`
  MODIFY `weight_unit_id` int NOT NULL AUTO_INCREMENT, AUTO_INCREMENT=6;
COMMIT;

/*!40101 SET CHARACTER_SET_CLIENT=@OLD_CHARACTER_SET_CLIENT */;
/*!40101 SET CHARACTER_SET_RESULTS=@OLD_CHARACTER_SET_RESULTS */;
/*!40101 SET COLLATION_CONNECTION=@OLD_COLLATION_CONNECTION */;
